Country,Year,Total Population,projection,totalPop,
European Total,1950,  549 329,0,549329,
European Total,1951,  554 325,0,554325,
European Total,1952,  559 694,0,559694,
European Total,1953,  565 282,0,565282,
European Total,1954,  570 970,0,570970,
European Total,1955,  576 679,0,576679,
European Total,1956,  582 371,0,582371,
European Total,1957,  588 048,0,588048,
European Total,1958,  593 743,0,593743,
European Total,1959,  599 513,0,599513,
European Total,1960,  605 407,0,605407,
European Total,1961,  611 434,0,611434,
European Total,1962,  617 536,0,617536,
European Total,1963,  623 575,0,623575,
European Total,1964,  629 367,0,629367,
European Total,1965,  634 783,0,634783,
European Total,1966,  639 762,0,639762,
European Total,1967,  644 345,0,644345,
European Total,1968,  648 636,0,648636,
European Total,1969,  652 790,0,652790,
European Total,1970,  656 919,0,656919,
European Total,1971,  661 056,0,661056,
European Total,1972,  665 164,0,665164,
European Total,1973,  669 208,0,669208,
European Total,1974,  673 132,0,673132,
European Total,1975,  676 895,0,676895,
European Total,1976,  680 498,0,680498,
European Total,1977,  683 960,0,683960,
European Total,1978,  687 286,0,687286,
European Total,1979,  690 485,0,690485,
European Total,1980,  693 567,0,693567,
European Total,1981,  696 513,0,696513,
European Total,1982,  699 330,0,699330,
European Total,1983,  702 070,0,702070,
European Total,1984,  704 807,0,704807,
European Total,1985,  707 584,0,707584,
European Total,1986,  710 422,0,710422,
European Total,1987,  713 279,0,713279,
European Total,1988,  716 057,0,716057,
European Total,1989,  718 617,0,718617,
European Total,1990,  720 858,0,720858,
European Total,1991,  722 776,0,722776,
European Total,1992,  724 390,0,724390,
European Total,1993,  725 657,0,725657,
European Total,1994,  726 529,0,726529,
European Total,1995,  726 994,0,726994,
European Total,1996,  727 020,0,727020,
European Total,1997,  726 669,0,726669,
European Total,1998,  726 142,0,726142,
European Total,1999,  725 705,0,725705,
European Total,2000,  725 558,0,725558,
European Total,2001,  725 772,0,725772,
European Total,2002,  726 312,0,726312,
European Total,2003,  727 134,0,727134,
European Total,2004,  728 150,0,728150,
European Total,2005,  729 288,0,729288,
European Total,2006,  730 547,0,730547,
European Total,2007,  731 939,0,731939,
European Total,2008,  733 416,0,733416,
European Total,2009,  734 923,0,734923,
European Total,2010,  736 413,0,736413,
European Total,2011,  737 851,0,737851,
European Total,2012,  739 225,0,739225,
European Total,2013,  740 542,0,740542,
European Total,2014,  741 818,0,741818,
European Total,2015,  743 059,0,743059,
European Total,2016,  744 269,0,744269,
European Total,2017,  745 415,0,745415,
European Total,2018,  746 419,0,746419,
European Total,2019,  747 183,0,747183,
European Total,2020,  747 636,0,747636,
Austria,1950,  6 936,0,6936,
Austria,1951,  6 931,0,6931,
Austria,1952,  6 931,0,6931,
Austria,1953,  6 935,0,6935,
Austria,1954,  6 943,0,6943,
Austria,1955,  6 953,0,6953,
Austria,1956,  6 968,0,6968,
Austria,1957,  6 986,0,6986,
Austria,1958,  7 008,0,7008,
Austria,1959,  7 037,0,7037,
Austria,1960,  7 071,0,7071,
Austria,1961,  7 111,0,7111,
Austria,1962,  7 157,0,7157,
Austria,1963,  7 206,0,7206,
Austria,1964,  7 256,0,7256,
Austria,1965,  7 305,0,7305,
Austria,1966,  7 352,0,7352,
Austria,1967,  7 397,0,7397,
Austria,1968,  7 440,0,7440,
Austria,1969,  7 479,0,7479,
Austria,1970,  7 516,0,7516,
Austria,1971,  7 550,0,7550,
Austria,1972,  7 581,0,7581,
Austria,1973,  7 607,0,7607,
Austria,1974,  7 626,0,7626,
Austria,1975,  7 638,0,7638,
Austria,1976,  7 641,0,7641,
Austria,1977,  7 637,0,7637,
Austria,1978,  7 628,0,7628,
Austria,1979,  7 618,0,7618,
Austria,1980,  7 610,0,7610,
Austria,1981,  7 605,0,7605,
Austria,1982,  7 602,0,7602,
Austria,1983,  7 603,0,7603,
Austria,1984,  7 607,0,7607,
Austria,1985,  7 615,0,7615,
Austria,1986,  7 625,0,7625,
Austria,1987,  7 639,0,7639,
Austria,1988,  7 659,0,7659,
Austria,1989,  7 687,0,7687,
Austria,1990,  7 724,0,7724,
Austria,1991,  7 773,0,7773,
Austria,1992,  7 831,0,7831,
Austria,1993,  7 892,0,7892,
Austria,1994,  7 947,0,7947,
Austria,1995,  7 990,0,7990,
Austria,1996,  8 018,0,8018,
Austria,1997,  8 033,0,8033,
Austria,1998,  8 041,0,8041,
Austria,1999,  8 051,0,8051,
Austria,2000,  8 069,0,8069,
Austria,2001,  8 098,0,8098,
Austria,2002,  8 134,0,8134,
Austria,2003,  8 176,0,8176,
Austria,2004,  8 217,0,8217,
Austria,2005,  8 254,0,8254,
Austria,2006,  8 285,0,8285,
Austria,2007,  8 314,0,8314,
Austria,2008,  8 342,0,8342,
Austria,2009,  8 373,0,8373,
Austria,2010,  8 410,0,8410,
Austria,2011,  8 454,0,8454,
Austria,2012,  8 502,0,8502,
Austria,2013,  8 556,0,8556,
Austria,2014,  8 615,0,8615,
Austria,2015,  8 679,0,8679,
Austria,2016,  8 747,0,8747,
Austria,2017,  8 820,0,8820,
Austria,2018,  8 891,0,8891,
Austria,2019,  8 955,0,8955,
Austria,2020,  9 006,0,9006,
Belgium,1950,  8 638,0,8638,
Belgium,1951,  8 680,0,8680,
Belgium,1952,  8 728,0,8728,
Belgium,1953,  8 779,0,8779,
Belgium,1954,  8 833,0,8833,
Belgium,1955,  8 887,0,8887,
Belgium,1956,  8 942,0,8942,
Belgium,1957,  8 998,0,8998,
Belgium,1958,  9 054,0,9054,
Belgium,1959,  9 110,0,9110,
Belgium,1960,  9 167,0,9167,
Belgium,1961,  9 225,0,9225,
Belgium,1962,  9 284,0,9284,
Belgium,1963,  9 340,0,9340,
Belgium,1964,  9 394,0,9394,
Belgium,1965,  9 444,0,9444,
Belgium,1966,  9 489,0,9489,
Belgium,1967,  9 529,0,9529,
Belgium,1968,  9 566,0,9566,
Belgium,1969,  9 600,0,9600,
Belgium,1970,  9 632,0,9632,
Belgium,1971,  9 663,0,9663,
Belgium,1972,  9 693,0,9693,
Belgium,1973,  9 721,0,9721,
Belgium,1974,  9 747,0,9747,
Belgium,1975,  9 772,0,9772,
Belgium,1976,  9 795,0,9795,
Belgium,1977,  9 817,0,9817,
Belgium,1978,  9 837,0,9837,
Belgium,1979,  9 854,0,9854,
Belgium,1980,  9 869,0,9869,
Belgium,1981,  9 881,0,9881,
Belgium,1982,  9 890,0,9890,
Belgium,1983,  9 898,0,9898,
Belgium,1984,  9 906,0,9906,
Belgium,1985,  9 917,0,9917,
Belgium,1986,  9 929,0,9929,
Belgium,1987,  9 942,0,9942,
Belgium,1988,  9 959,0,9959,
Belgium,1989,  9 980,0,9980,
Belgium,1990,  10 007,0,10007,
Belgium,1991,  10 039,0,10039,
Belgium,1992,  10 078,0,10078,
Belgium,1993,  10 119,0,10119,
Belgium,1994,  10 156,0,10156,
Belgium,1995,  10 186,0,10186,
Belgium,1996,  10 208,0,10208,
Belgium,1997,  10 224,0,10224,
Belgium,1998,  10 237,0,10237,
Belgium,1999,  10 255,0,10255,
Belgium,2000,  10 282,0,10282,
Belgium,2001,  10 319,0,10319,
Belgium,2002,  10 365,0,10365,
Belgium,2003,  10 419,0,10419,
Belgium,2004,  10 480,0,10480,
Belgium,2005,  10 547,0,10547,
Belgium,2006,  10 619,0,10619,
Belgium,2007,  10 698,0,10698,
Belgium,2008,  10 779,0,10779,
Belgium,2009,  10 860,0,10860,
Belgium,2010,  10 939,0,10939,
Belgium,2011,  11 014,0,11014,
Belgium,2012,  11 085,0,11085,
Belgium,2013,  11 154,0,11154,
Belgium,2014,  11 221,0,11221,
Belgium,2015,  11 288,0,11288,
Belgium,2016,  11 354,0,11354,
Belgium,2017,  11 420,0,11420,
Belgium,2018,  11 482,0,11482,
Belgium,2019,  11 539,0,11539,
Belgium,2020,  11 590,0,11590,
Denmark,1950,  4 268,0,4268,
Denmark,1951,  4 309,0,4309,
Denmark,1952,  4 346,0,4346,
Denmark,1953,  4 380,0,4380,
Denmark,1954,  4 412,0,4412,
Denmark,1955,  4 441,0,4441,
Denmark,1956,  4 468,0,4468,
Denmark,1957,  4 495,0,4495,
Denmark,1958,  4 522,0,4522,
Denmark,1959,  4 551,0,4551,
Denmark,1960,  4 581,0,4581,
Denmark,1961,  4 614,0,4614,
Denmark,1962,  4 649,0,4649,
Denmark,1963,  4 686,0,4686,
Denmark,1964,  4 724,0,4724,
Denmark,1965,  4 760,0,4760,
Denmark,1966,  4 796,0,4796,
Denmark,1967,  4 832,0,4832,
Denmark,1968,  4 866,0,4866,
Denmark,1969,  4 899,0,4899,
Denmark,1970,  4 931,0,4931,
Denmark,1971,  4 962,0,4962,
Denmark,1972,  4 991,0,4991,
Denmark,1973,  5 017,0,5017,
Denmark,1974,  5 041,0,5041,
Denmark,1975,  5 063,0,5063,
Denmark,1976,  5 081,0,5081,
Denmark,1977,  5 097,0,5097,
Denmark,1978,  5 110,0,5110,
Denmark,1979,  5 119,0,5119,
Denmark,1980,  5 124,0,5124,
Denmark,1981,  5 125,0,5125,
Denmark,1982,  5 123,0,5123,
Denmark,1983,  5 120,0,5120,
Denmark,1984,  5 116,0,5116,
Denmark,1985,  5 114,0,5114,
Denmark,1986,  5 115,0,5115,
Denmark,1987,  5 117,0,5117,
Denmark,1988,  5 122,0,5122,
Denmark,1989,  5 130,0,5130,
Denmark,1990,  5 141,0,5141,
Denmark,1991,  5 155,0,5155,
Denmark,1992,  5 172,0,5172,
Denmark,1993,  5 191,0,5191,
Denmark,1994,  5 211,0,5211,
Denmark,1995,  5 233,0,5233,
Denmark,1996,  5 255,0,5255,
Denmark,1997,  5 278,0,5278,
Denmark,1998,  5 300,0,5300,
Denmark,1999,  5 322,0,5322,
Denmark,2000,  5 341,0,5341,
Denmark,2001,  5 358,0,5358,
Denmark,2002,  5 373,0,5373,
Denmark,2003,  5 387,0,5387,
Denmark,2004,  5 403,0,5403,
Denmark,2005,  5 422,0,5422,
Denmark,2006,  5 444,0,5444,
Denmark,2007,  5 470,0,5470,
Denmark,2008,  5 498,0,5498,
Denmark,2009,  5 526,0,5526,
Denmark,2010,  5 555,0,5555,
Denmark,2011,  5 583,0,5583,
Denmark,2012,  5 611,0,5611,
Denmark,2013,  5 638,0,5638,
Denmark,2014,  5 664,0,5664,
Denmark,2015,  5 689,0,5689,
Denmark,2016,  5 711,0,5711,
Denmark,2017,  5 732,0,5732,
Denmark,2018,  5 752,0,5752,
Denmark,2019,  5 772,0,5772,
Denmark,2020,  5 792,0,5792,
Finland,1950,  4 008,0,4008,
Finland,1951,  4 050,0,4050,
Finland,1952,  4 097,0,4097,
Finland,1953,  4 144,0,4144,
Finland,1954,  4 192,0,4192,
Finland,1955,  4 238,0,4238,
Finland,1956,  4 282,0,4282,
Finland,1957,  4 324,0,4324,
Finland,1958,  4 363,0,4363,
Finland,1959,  4 400,0,4400,
Finland,1960,  4 435,0,4435,
Finland,1961,  4 468,0,4468,
Finland,1962,  4 499,0,4499,
Finland,1963,  4 527,0,4527,
Finland,1964,  4 550,0,4550,
Finland,1965,  4 569,0,4569,
Finland,1966,  4 581,0,4581,
Finland,1967,  4 589,0,4589,
Finland,1968,  4 594,0,4594,
Finland,1969,  4 601,0,4601,
Finland,1970,  4 612,0,4612,
Finland,1971,  4 629,0,4629,
Finland,1972,  4 651,0,4651,
Finland,1973,  4 675,0,4675,
Finland,1974,  4 699,0,4699,
Finland,1975,  4 719,0,4719,
Finland,1976,  4 734,0,4734,
Finland,1977,  4 747,0,4747,
Finland,1978,  4 758,0,4758,
Finland,1979,  4 771,0,4771,
Finland,1980,  4 788,0,4788,
Finland,1981,  4 810,0,4810,
Finland,1982,  4 835,0,4835,
Finland,1983,  4 862,0,4862,
Finland,1984,  4 888,0,4888,
Finland,1985,  4 911,0,4911,
Finland,1986,  4 930,0,4930,
Finland,1987,  4 946,0,4946,
Finland,1988,  4 961,0,4961,
Finland,1989,  4 977,0,4977,
Finland,1990,  4 996,0,4996,
Finland,1991,  5 019,0,5019,
Finland,1992,  5 045,0,5045,
Finland,1993,  5 072,0,5072,
Finland,1994,  5 097,0,5097,
Finland,1995,  5 119,0,5119,
Finland,1996,  5 137,0,5137,
Finland,1997,  5 152,0,5152,
Finland,1998,  5 164,0,5164,
Finland,1999,  5 176,0,5176,
Finland,2000,  5 188,0,5188,
Finland,2001,  5 200,0,5200,
Finland,2002,  5 213,0,5213,
Finland,2003,  5 227,0,5227,
Finland,2004,  5 242,0,5242,
Finland,2005,  5 259,0,5259,
Finland,2006,  5 277,0,5277,
Finland,2007,  5 298,0,5298,
Finland,2008,  5 319,0,5319,
Finland,2009,  5 342,0,5342,
Finland,2010,  5 366,0,5366,
Finland,2011,  5 390,0,5390,
Finland,2012,  5 415,0,5415,
Finland,2013,  5 439,0,5439,
Finland,2014,  5 461,0,5461,
Finland,2015,  5 481,0,5481,
Finland,2016,  5 498,0,5498,
Finland,2017,  5 511,0,5511,
Finland,2018,  5 523,0,5523,
Finland,2019,  5 532,0,5532,
Finland,2020,  5 541,0,5541,
France,1950,  41 834,0,41834,
France,1951,  42 031,0,42031,
France,1952,  42 316,0,42316,
France,1953,  42 655,0,42655,
France,1954,  43 025,0,43025,
France,1955,  43 411,0,43411,
France,1956,  43 809,0,43809,
France,1957,  44 221,0,44221,
France,1958,  44 659,0,44659,
France,1959,  45 138,0,45138,
France,1960,  45 673,0,45673,
France,1961,  46 267,0,46267,
France,1962,  46 907,0,46907,
France,1963,  47 561,0,47561,
France,1964,  48 184,0,48184,
France,1965,  48 747,0,48747,
France,1966,  49 233,0,49233,
France,1967,  49 651,0,49651,
France,1968,  50 025,0,50025,
France,1969,  50 387,0,50387,
France,1970,  50 764,0,50764,
France,1971,  51 163,0,51163,
France,1972,  51 573,0,51573,
France,1973,  51 980,0,51980,
France,1974,  52 357,0,52357,
France,1975,  52 689,0,52689,
France,1976,  52 969,0,52969,
France,1977,  53 209,0,53209,
France,1978,  53 423,0,53423,
France,1979,  53 637,0,53637,
France,1980,  53 868,0,53868,
France,1981,  54 121,0,54121,
France,1982,  54 391,0,54391,
France,1983,  54 675,0,54675,
France,1984,  54 965,0,54965,
France,1985,  55 255,0,55255,
France,1986,  55 545,0,55545,
France,1987,  55 838,0,55838,
France,1988,  56 126,0,56126,
France,1989,  56 404,0,56404,
France,1990,  56 667,0,56667,
France,1991,  56 914,0,56914,
France,1992,  57 147,0,57147,
France,1993,  57 370,0,57370,
France,1994,  57 587,0,57587,
France,1995,  57 802,0,57802,
France,1996,  58 012,0,58012,
France,1997,  58 221,0,58221,
France,1998,  58 444,0,58444,
France,1999,  58 704,0,58704,
France,2000,  59 015,0,59015,
France,2001,  59 384,0,59384,
France,2002,  59 803,0,59803,
France,2003,  60 252,0,60252,
France,2004,  60 698,0,60698,
France,2005,  61 120,0,61120,
France,2006,  61 509,0,61509,
France,2007,  61 869,0,61869,
France,2008,  62 209,0,62209,
France,2009,  62 543,0,62543,
France,2010,  62 880,0,62880,
France,2011,  63 222,0,63222,
France,2012,  63 564,0,63564,
France,2013,  63 894,0,63894,
France,2014,  64 194,0,64194,
France,2015,  64 453,0,64453,
France,2016,  64 668,0,64668,
France,2017,  64 843,0,64843,
France,2018,  64 991,0,64991,
France,2019,  65 130,0,65130,
France,2020,  65 274,0,65274,
Germany,1950,  69 966,0,69966,
Germany,1951,  70 300,0,70300,
Germany,1952,  70 620,0,70620,
Germany,1953,  70 930,0,70930,
Germany,1954,  71 233,0,71233,
Germany,1955,  71 537,0,71537,
Germany,1956,  71 851,0,71851,
Germany,1957,  72 183,0,72183,
Germany,1958,  72 548,0,72548,
Germany,1959,  72 955,0,72955,
Germany,1960,  73 414,0,73414,
Germany,1961,  73 928,0,73928,
Germany,1962,  74 489,0,74489,
Germany,1963,  75 081,0,75081,
Germany,1964,  75 677,0,75677,
Germany,1965,  76 258,0,76258,
Germany,1966,  76 820,0,76820,
Germany,1967,  77 357,0,77357,
Germany,1968,  77 847,0,77847,
Germany,1969,  78 261,0,78261,
Germany,1970,  78 578,0,78578,
Germany,1971,  78 790,0,78790,
Germany,1972,  78 902,0,78902,
Germany,1973,  78 932,0,78932,
Germany,1974,  78 910,0,78910,
Germany,1975,  78 856,0,78856,
Germany,1976,  78 782,0,78782,
Germany,1977,  78 687,0,78687,
Germany,1978,  78 574,0,78574,
Germany,1979,  78 438,0,78438,
Germany,1980,  78 283,0,78283,
Germany,1981,  78 108,0,78108,
Germany,1982,  77 926,0,77926,
Germany,1983,  77 770,0,77770,
Germany,1984,  77 682,0,77682,
Germany,1985,  77 692,0,77692,
Germany,1986,  77 806,0,77806,
Germany,1987,  78 016,0,78016,
Germany,1988,  78 308,0,78308,
Germany,1989,  78 660,0,78660,
Germany,1990,  79 054,0,79054,
Germany,1991,  79 491,0,79491,
Germany,1992,  79 963,0,79963,
Germany,1993,  80 429,0,80429,
Germany,1994,  80 833,0,80833,
Germany,1995,  81 139,0,81139,
Germany,1996,  81 324,0,81324,
Germany,1997,  81 399,0,81399,
Germany,1998,  81 403,0,81403,
Germany,1999,  81 390,0,81390,
Germany,2000,  81 401,0,81401,
Germany,2001,  81 454,0,81454,
Germany,2002,  81 535,0,81535,
Germany,2003,  81 614,0,81614,
Germany,2004,  81 646,0,81646,
Germany,2005,  81 603,0,81603,
Germany,2006,  81 472,0,81472,
Germany,2007,  81 278,0,81278,
Germany,2008,  81 066,0,81066,
Germany,2009,  80 900,0,80900,
Germany,2010,  80 827,0,80827,
Germany,2011,  80 856,0,80856,
Germany,2012,  80 973,0,80973,
Germany,2013,  81 174,0,81174,
Germany,2014,  81 450,0,81450,
Germany,2015,  81 787,0,81787,
Germany,2016,  82 194,0,82194,
Germany,2017,  82 658,0,82658,
Germany,2018,  83 124,0,83124,
Germany,2019,  83 517,0,83517,
Germany,2020,  83 784,0,83784,
Ireland,1950,  2 913,0,2913,
Ireland,1951,  2 913,0,2913,
Ireland,1952,  2 909,0,2909,
Ireland,1953,  2 901,0,2901,
Ireland,1954,  2 889,0,2889,
Ireland,1955,  2 873,0,2873,
Ireland,1956,  2 855,0,2855,
Ireland,1957,  2 835,0,2835,
Ireland,1958,  2 816,0,2816,
Ireland,1959,  2 801,0,2801,
Ireland,1960,  2 791,0,2791,
Ireland,1961,  2 789,0,2789,
Ireland,1962,  2 792,0,2792,
Ireland,1963,  2 801,0,2801,
Ireland,1964,  2 812,0,2812,
Ireland,1965,  2 824,0,2824,
Ireland,1966,  2 835,0,2835,
Ireland,1967,  2 846,0,2846,
Ireland,1968,  2 861,0,2861,
Ireland,1969,  2 881,0,2881,
Ireland,1970,  2 908,0,2908,
Ireland,1971,  2 944,0,2944,
Ireland,1972,  2 987,0,2987,
Ireland,1973,  3 034,0,3034,
Ireland,1974,  3 085,0,3085,
Ireland,1975,  3 137,0,3137,
Ireland,1976,  3 190,0,3190,
Ireland,1977,  3 243,0,3243,
Ireland,1978,  3 294,0,3294,
Ireland,1979,  3 342,0,3342,
Ireland,1980,  3 385,0,3385,
Ireland,1981,  3 422,0,3422,
Ireland,1982,  3 454,0,3454,
Ireland,1983,  3 479,0,3479,
Ireland,1984,  3 499,0,3499,
Ireland,1985,  3 511,0,3511,
Ireland,1986,  3 516,0,3516,
Ireland,1987,  3 516,0,3516,
Ireland,1988,  3 512,0,3512,
Ireland,1989,  3 510,0,3510,
Ireland,1990,  3 511,0,3511,
Ireland,1991,  3 518,0,3518,
Ireland,1992,  3 530,0,3530,
Ireland,1993,  3 547,0,3547,
Ireland,1994,  3 568,0,3568,
Ireland,1995,  3 592,0,3592,
Ireland,1996,  3 620,0,3620,
Ireland,1997,  3 651,0,3651,
Ireland,1998,  3 688,0,3688,
Ireland,1999,  3 731,0,3731,
Ireland,2000,  3 783,0,3783,
Ireland,2001,  3 842,0,3842,
Ireland,2002,  3 908,0,3908,
Ireland,2003,  3 980,0,3980,
Ireland,2004,  4 058,0,4058,
Ireland,2005,  4 141,0,4141,
Ireland,2006,  4 231,0,4231,
Ireland,2007,  4 325,0,4325,
Ireland,2008,  4 416,0,4416,
Ireland,2009,  4 495,0,4495,
Ireland,2010,  4 554,0,4554,
Ireland,2011,  4 591,0,4591,
Ireland,2012,  4 608,0,4608,
Ireland,2013,  4 615,0,4615,
Ireland,2014,  4 627,0,4627,
Ireland,2015,  4 652,0,4652,
Ireland,2016,  4 696,0,4696,
Ireland,2017,  4 753,0,4753,
Ireland,2018,  4 819,0,4819,
Ireland,2019,  4 882,0,4882,
Ireland,2020,  4 938,0,4938,
Italy,1950,  46 599,0,46599,
Italy,1951,  47 010,0,47010,
Italy,1952,  47 391,0,47391,
Italy,1953,  47 737,0,47737,
Italy,1954,  48 051,0,48051,
Italy,1955,  48 336,0,48336,
Italy,1956,  48 599,0,48599,
Italy,1957,  48 852,0,48852,
Italy,1958,  49 110,0,49110,
Italy,1959,  49 388,0,49388,
Italy,1960,  49 700,0,49700,
Italy,1961,  50 052,0,50052,
Italy,1962,  50 442,0,50442,
Italy,1963,  50 856,0,50856,
Italy,1964,  51 273,0,51273,
Italy,1965,  51 677,0,51677,
Italy,1966,  52 063,0,52063,
Italy,1967,  52 433,0,52433,
Italy,1968,  52 795,0,52795,
Italy,1969,  53 155,0,53155,
Italy,1970,  53 519,0,53519,
Italy,1971,  53 889,0,53889,
Italy,1972,  54 259,0,54259,
Italy,1973,  54 619,0,54619,
Italy,1974,  54 958,0,54958,
Italy,1975,  55 265,0,55265,
Italy,1976,  55 538,0,55538,
Italy,1977,  55 778,0,55778,
Italy,1978,  55 989,0,55989,
Italy,1979,  56 178,0,56178,
Italy,1980,  56 349,0,56349,
Italy,1981,  56 505,0,56505,
Italy,1982,  56 645,0,56645,
Italy,1983,  56 765,0,56765,
Italy,1984,  56 863,0,56863,
Italy,1985,  56 937,0,56937,
Italy,1986,  56 984,0,56984,
Italy,1987,  57 008,0,57008,
Italy,1988,  57 018,0,57018,
Italy,1989,  57 029,0,57029,
Italy,1990,  57 048,0,57048,
Italy,1991,  57 088,0,57088,
Italy,1992,  57 145,0,57145,
Italy,1993,  57 198,0,57198,
Italy,1994,  57 214,0,57214,
Italy,1995,  57 174,0,57174,
Italy,1996,  57 065,0,57065,
Italy,1997,  56 904,0,56904,
Italy,1998,  56 743,0,56743,
Italy,1999,  56 656,0,56656,
Italy,2000,  56 692,0,56692,
Italy,2001,  56 875,0,56875,
Italy,2002,  57 183,0,57183,
Italy,2003,  57 565,0,57565,
Italy,2004,  57 948,0,57948,
Italy,2005,  58 281,0,58281,
Italy,2006,  58 543,0,58543,
Italy,2007,  58 748,0,58748,
Italy,2008,  58 922,0,58922,
Italy,2009,  59 106,0,59106,
Italy,2010,  59 325,0,59325,
Italy,2011,  59 589,0,59589,
Italy,2012,  59 879,0,59879,
Italy,2013,  60 167,0,60167,
Italy,2014,  60 410,0,60410,
Italy,2015,  60 578,0,60578,
Italy,2016,  60 663,0,60663,
Italy,2017,  60 674,0,60674,
Italy,2018,  60 627,0,60627,
Italy,2019,  60 550,0,60550,
Italy,2020,  60 462,0,60462,
Netherlands,1950,  10 042,0,10042,
Netherlands,1951,  10 168,0,10168,
Netherlands,1952,  10 298,0,10298,
Netherlands,1953,  10 432,0,10432,
Netherlands,1954,  10 570,0,10570,
Netherlands,1955,  10 710,0,10710,
Netherlands,1956,  10 852,0,10852,
Netherlands,1957,  10 997,0,10997,
Netherlands,1958,  11 144,0,11144,
Netherlands,1959,  11 295,0,11295,
Netherlands,1960,  11 449,0,11449,
Netherlands,1961,  11 606,0,11606,
Netherlands,1962,  11 767,0,11767,
Netherlands,1963,  11 928,0,11928,
Netherlands,1964,  12 089,0,12089,
Netherlands,1965,  12 248,0,12248,
Netherlands,1966,  12 404,0,12404,
Netherlands,1967,  12 557,0,12557,
Netherlands,1968,  12 707,0,12707,
Netherlands,1969,  12 855,0,12855,
Netherlands,1970,  13 002,0,13002,
Netherlands,1971,  13 148,0,13148,
Netherlands,1972,  13 292,0,13292,
Netherlands,1973,  13 431,0,13431,
Netherlands,1974,  13 562,0,13562,
Netherlands,1975,  13 683,0,13683,
Netherlands,1976,  13 793,0,13793,
Netherlands,1977,  13 893,0,13893,
Netherlands,1978,  13 984,0,13984,
Netherlands,1979,  14 069,0,14069,
Netherlands,1980,  14 148,0,14148,
Netherlands,1981,  14 224,0,14224,
Netherlands,1982,  14 295,0,14295,
Netherlands,1983,  14 365,0,14365,
Netherlands,1984,  14 438,0,14438,
Netherlands,1985,  14 514,0,14514,
Netherlands,1986,  14 596,0,14596,
Netherlands,1987,  14 683,0,14683,
Netherlands,1988,  14 774,0,14774,
Netherlands,1989,  14 869,0,14869,
Netherlands,1990,  14 965,0,14965,
Netherlands,1991,  15 065,0,15065,
Netherlands,1992,  15 166,0,15166,
Netherlands,1993,  15 268,0,15268,
Netherlands,1994,  15 369,0,15369,
Netherlands,1995,  15 468,0,15468,
Netherlands,1996,  15 563,0,15563,
Netherlands,1997,  15 655,0,15655,
Netherlands,1998,  15 746,0,15746,
Netherlands,1999,  15 836,0,15836,
Netherlands,2000,  15 926,0,15926,
Netherlands,2001,  16 018,0,16018,
Netherlands,2002,  16 110,0,16110,
Netherlands,2003,  16 201,0,16201,
Netherlands,2004,  16 287,0,16287,
Netherlands,2005,  16 367,0,16367,
Netherlands,2006,  16 440,0,16440,
Netherlands,2007,  16 507,0,16507,
Netherlands,2008,  16 568,0,16568,
Netherlands,2009,  16 626,0,16626,
Netherlands,2010,  16 683,0,16683,
Netherlands,2011,  16 738,0,16738,
Netherlands,2012,  16 792,0,16792,
Netherlands,2013,  16 844,0,16844,
Netherlands,2014,  16 893,0,16893,
Netherlands,2015,  16 938,0,16938,
Netherlands,2016,  16 981,0,16981,
Netherlands,2017,  17 021,0,17021,
Netherlands,2018,  17 060,0,17060,
Netherlands,2019,  17 097,0,17097,
Netherlands,2020,  17 135,0,17135,
Norway,1950,  3 265,0,3265,
Norway,1951,  3 301,0,3301,
Norway,1952,  3 334,0,3334,
Norway,1953,  3 367,0,3367,
Norway,1954,  3 399,0,3399,
Norway,1955,  3 430,0,3430,
Norway,1956,  3 462,0,3462,
Norway,1957,  3 492,0,3492,
Norway,1958,  3 523,0,3523,
Norway,1959,  3 553,0,3553,
Norway,1960,  3 583,0,3583,
Norway,1961,  3 611,0,3611,
Norway,1962,  3 639,0,3639,
Norway,1963,  3 667,0,3667,
Norway,1964,  3 695,0,3695,
Norway,1965,  3 724,0,3724,
Norway,1966,  3 754,0,3754,
Norway,1967,  3 785,0,3785,
Norway,1968,  3 816,0,3816,
Norway,1969,  3 846,0,3846,
Norway,1970,  3 876,0,3876,
Norway,1971,  3 905,0,3905,
Norway,1972,  3 934,0,3934,
Norway,1973,  3 961,0,3961,
Norway,1974,  3 986,0,3986,
Norway,1975,  4 008,0,4008,
Norway,1976,  4 027,0,4027,
Norway,1977,  4 044,0,4044,
Norway,1978,  4 059,0,4059,
Norway,1979,  4 073,0,4073,
Norway,1980,  4 086,0,4086,
Norway,1981,  4 099,0,4099,
Norway,1982,  4 112,0,4112,
Norway,1983,  4 125,0,4125,
Norway,1984,  4 138,0,4138,
Norway,1985,  4 153,0,4153,
Norway,1986,  4 169,0,4169,
Norway,1987,  4 187,0,4187,
Norway,1988,  4 206,0,4206,
Norway,1989,  4 226,0,4226,
Norway,1990,  4 247,0,4247,
Norway,1991,  4 269,0,4269,
Norway,1992,  4 293,0,4293,
Norway,1993,  4 317,0,4317,
Norway,1994,  4 342,0,4342,
Norway,1995,  4 367,0,4367,
Norway,1996,  4 393,0,4393,
Norway,1997,  4 420,0,4420,
Norway,1998,  4 447,0,4447,
Norway,1999,  4 474,0,4474,
Norway,2000,  4 499,0,4499,
Norway,2001,  4 523,0,4523,
Norway,2002,  4 546,0,4546,
Norway,2003,  4 570,0,4570,
Norway,2004,  4 598,0,4598,
Norway,2005,  4 632,0,4632,
Norway,2006,  4 673,0,4673,
Norway,2007,  4 719,0,4719,
Norway,2008,  4 771,0,4771,
Norway,2009,  4 827,0,4827,
Norway,2010,  4 886,0,4886,
Norway,2011,  4 948,0,4948,
Norway,2012,  5 014,0,5014,
Norway,2013,  5 079,0,5079,
Norway,2014,  5 142,0,5142,
Norway,2015,  5 200,0,5200,
Norway,2016,  5 251,0,5251,
Norway,2017,  5 296,0,5296,
Norway,2018,  5 338,0,5338,
Norway,2019,  5 379,0,5379,
Norway,2020,  5 421,0,5421,
Portugal,1950,  8 417,0,8417,
Portugal,1951,  8 419,0,8419,
Portugal,1952,  8 452,0,8452,
Portugal,1953,  8 503,0,8503,
Portugal,1954,  8 564,0,8564,
Portugal,1955,  8 626,0,8626,
Portugal,1956,  8 683,0,8683,
Portugal,1957,  8 734,0,8734,
Portugal,1958,  8 778,0,8778,
Portugal,1959,  8 814,0,8814,
Portugal,1960,  8 845,0,8845,
Portugal,1961,  8 870,0,8870,
Portugal,1962,  8 889,0,8889,
Portugal,1963,  8 896,0,8896,
Portugal,1964,  8 888,0,8888,
Portugal,1965,  8 862,0,8862,
Portugal,1966,  8 815,0,8815,
Portugal,1967,  8 751,0,8751,
Portugal,1968,  8 688,0,8688,
Portugal,1969,  8 649,0,8649,
Portugal,1970,  8 651,0,8651,
Portugal,1971,  8 700,0,8700,
Portugal,1972,  8 789,0,8789,
Portugal,1973,  8 908,0,8908,
Portugal,1974,  9 040,0,9040,
Portugal,1975,  9 172,0,9172,
Portugal,1976,  9 302,0,9302,
Portugal,1977,  9 431,0,9431,
Portugal,1978,  9 553,0,9553,
Portugal,1979,  9 661,0,9661,
Portugal,1980,  9 751,0,9751,
Portugal,1981,  9 821,0,9821,
Portugal,1982,  9 871,0,9871,
Portugal,1983,  9 903,0,9903,
Portugal,1984,  9 921,0,9921,
Portugal,1985,  9 929,0,9929,
Portugal,1986,  9 926,0,9926,
Portugal,1987,  9 914,0,9914,
Portugal,1988,  9 899,0,9899,
Portugal,1989,  9 891,0,9891,
Portugal,1990,  9 895,0,9895,
Portugal,1991,  9 916,0,9916,
Portugal,1992,  9 951,0,9951,
Portugal,1993,  9 997,0,9997,
Portugal,1994,  10 045,0,10045,
Portugal,1995,  10 091,0,10091,
Portugal,1996,  10 134,0,10134,
Portugal,1997,  10 175,0,10175,
Portugal,1998,  10 214,0,10214,
Portugal,1999,  10 255,0,10255,
Portugal,2000,  10 297,0,10297,
Portugal,2001,  10 341,0,10341,
Portugal,2002,  10 386,0,10386,
Portugal,2003,  10 430,0,10430,
Portugal,2004,  10 471,0,10471,
Portugal,2005,  10 508,0,10508,
Portugal,2006,  10 543,0,10543,
Portugal,2007,  10 573,0,10573,
Portugal,2008,  10 595,0,10595,
Portugal,2009,  10 604,0,10604,
Portugal,2010,  10 596,0,10596,
Portugal,2011,  10 569,0,10569,
Portugal,2012,  10 526,0,10526,
Portugal,2013,  10 473,0,10473,
Portugal,2014,  10 418,0,10418,
Portugal,2015,  10 368,0,10368,
Portugal,2016,  10 326,0,10326,
Portugal,2017,  10 289,0,10289,
Portugal,2018,  10 256,0,10256,
Portugal,2019,  10 226,0,10226,
Portugal,2020,  10 197,0,10197,
Spain,1950,  28 070,0,28070,
Spain,1951,  28 220,0,28220,
Spain,1952,  28 399,0,28399,
Spain,1953,  28 600,0,28600,
Spain,1954,  28 818,0,28818,
Spain,1955,  29 048,0,29048,
Spain,1956,  29 290,0,29290,
Spain,1957,  29 544,0,29544,
Spain,1958,  29 811,0,29811,
Spain,1959,  30 097,0,30097,
Spain,1960,  30 402,0,30402,
Spain,1961,  30 730,0,30730,
Spain,1962,  31 075,0,31075,
Spain,1963,  31 433,0,31433,
Spain,1964,  31 792,0,31792,
Spain,1965,  32 146,0,32146,
Spain,1966,  32 492,0,32492,
Spain,1967,  32 830,0,32830,
Spain,1968,  33 169,0,33169,
Spain,1969,  33 518,0,33518,
Spain,1970,  33 884,0,33884,
Spain,1971,  34 267,0,34267,
Spain,1972,  34 664,0,34664,
Spain,1973,  35 069,0,35069,
Spain,1974,  35 476,0,35476,
Spain,1975,  35 879,0,35879,
Spain,1976,  36 277,0,36277,
Spain,1977,  36 667,0,36667,
Spain,1978,  37 040,0,37040,
Spain,1979,  37 387,0,37387,
Spain,1980,  37 698,0,37698,
Spain,1981,  37 972,0,37972,
Spain,1982,  38 210,0,38210,
Spain,1983,  38 413,0,38413,
Spain,1984,  38 587,0,38587,
Spain,1985,  38 734,0,38734,
Spain,1986,  38 856,0,38856,
Spain,1987,  38 954,0,38954,
Spain,1988,  39 039,0,39039,
Spain,1989,  39 119,0,39119,
Spain,1990,  39 203,0,39203,
Spain,1991,  39 299,0,39299,
Spain,1992,  39 411,0,39411,
Spain,1993,  39 534,0,39534,
Spain,1994,  39 660,0,39660,
Spain,1995,  39 787,0,39787,
Spain,1996,  39 909,0,39909,
Spain,1997,  40 035,0,40035,
Spain,1998,  40 202,0,40202,
Spain,1999,  40 454,0,40454,
Spain,2000,  40 825,0,40825,
Spain,2001,  41 319,0,41319,
Spain,2002,  41 920,0,41920,
Spain,2003,  42 596,0,42596,
Spain,2004,  43 308,0,43308,
Spain,2005,  44 019,0,44019,
Spain,2006,  44 729,0,44729,
Spain,2007,  45 429,0,45429,
Spain,2008,  46 069,0,46069,
Spain,2009,  46 584,0,46584,
Spain,2010,  46 931,0,46931,
Spain,2011,  47 084,0,47084,
Spain,2012,  47 063,0,47063,
Spain,2013,  46 931,0,46931,
Spain,2014,  46 778,0,46778,
Spain,2015,  46 672,0,46672,
Spain,2016,  46 634,0,46634,
Spain,2017,  46 647,0,46647,
Spain,2018,  46 693,0,46693,
Spain,2019,  46 737,0,46737,
Spain,2020,  46 755,0,46755,
Sweden,1950,  7 010,0,7010,
Sweden,1951,  7 073,0,7073,
Sweden,1952,  7 128,0,7128,
Sweden,1953,  7 176,0,7176,
Sweden,1954,  7 220,0,7220,
Sweden,1955,  7 263,0,7263,
Sweden,1956,  7 305,0,7305,
Sweden,1957,  7 347,0,7347,
Sweden,1958,  7 391,0,7391,
Sweden,1959,  7 436,0,7436,
Sweden,1960,  7 483,0,7483,
Sweden,1961,  7 530,0,7530,
Sweden,1962,  7 580,0,7580,
Sweden,1963,  7 631,0,7631,
Sweden,1964,  7 687,0,7687,
Sweden,1965,  7 746,0,7746,
Sweden,1966,  7 809,0,7809,
Sweden,1967,  7 876,0,7876,
Sweden,1968,  7 942,0,7942,
Sweden,1969,  8 003,0,8003,
Sweden,1970,  8 055,0,8055,
Sweden,1971,  8 096,0,8096,
Sweden,1972,  8 127,0,8127,
Sweden,1973,  8 152,0,8152,
Sweden,1974,  8 174,0,8174,
Sweden,1975,  8 197,0,8197,
Sweden,1976,  8 223,0,8223,
Sweden,1977,  8 251,0,8251,
Sweden,1978,  8 277,0,8277,
Sweden,1979,  8 300,0,8300,
Sweden,1980,  8 316,0,8316,
Sweden,1981,  8 325,0,8325,
Sweden,1982,  8 329,0,8329,
Sweden,1983,  8 332,0,8332,
Sweden,1984,  8 340,0,8340,
Sweden,1985,  8 358,0,8358,
Sweden,1986,  8 385,0,8385,
Sweden,1987,  8 421,0,8421,
Sweden,1988,  8 465,0,8465,
Sweden,1989,  8 514,0,8514,
Sweden,1990,  8 567,0,8567,
Sweden,1991,  8 625,0,8625,
Sweden,1992,  8 687,0,8687,
Sweden,1993,  8 747,0,8747,
Sweden,1994,  8 798,0,8798,
Sweden,1995,  8 836,0,8836,
Sweden,1996,  8 859,0,8859,
Sweden,1997,  8 869,0,8869,
Sweden,1998,  8 871,0,8871,
Sweden,1999,  8 873,0,8873,
Sweden,2000,  8 882,0,8882,
Sweden,2001,  8 898,0,8898,
Sweden,2002,  8 921,0,8921,
Sweden,2003,  8 951,0,8951,
Sweden,2004,  8 991,0,8991,
Sweden,2005,  9 039,0,9039,
Sweden,2006,  9 096,0,9096,
Sweden,2007,  9 163,0,9163,
Sweden,2008,  9 236,0,9236,
Sweden,2009,  9 313,0,9313,
Sweden,2010,  9 390,0,9390,
Sweden,2011,  9 467,0,9467,
Sweden,2012,  9 543,0,9543,
Sweden,2013,  9 618,0,9618,
Sweden,2014,  9 692,0,9692,
Sweden,2015,  9 765,0,9765,
Sweden,2016,  9 836,0,9836,
Sweden,2017,  9 905,0,9905,
Sweden,2018,  9 972,0,9972,
Sweden,2019,  10 036,0,10036,
Sweden,2020,  10 099,0,10099,
Switzerland,1950,  4 668,0,4668,
Switzerland,1951,  4 722,0,4722,
Switzerland,1952,  4 781,0,4781,
Switzerland,1953,  4 842,0,4842,
Switzerland,1954,  4 900,0,4900,
Switzerland,1955,  4 957,0,4957,
Switzerland,1956,  5 012,0,5012,
Switzerland,1957,  5 068,0,5068,
Switzerland,1958,  5 128,0,5128,
Switzerland,1959,  5 198,0,5198,
Switzerland,1960,  5 281,0,5281,
Switzerland,1961,  5 378,0,5378,
Switzerland,1962,  5 487,0,5487,
Switzerland,1963,  5 602,0,5602,
Switzerland,1964,  5 713,0,5713,
Switzerland,1965,  5 813,0,5813,
Switzerland,1966,  5 899,0,5899,
Switzerland,1967,  5 974,0,5974,
Switzerland,1968,  6 038,0,6038,
Switzerland,1969,  6 096,0,6096,
Switzerland,1970,  6 151,0,6151,
Switzerland,1971,  6 203,0,6203,
Switzerland,1972,  6 251,0,6251,
Switzerland,1973,  6 293,0,6293,
Switzerland,1974,  6 322,0,6322,
Switzerland,1975,  6 337,0,6337,
Switzerland,1976,  6 336,0,6336,
Switzerland,1977,  6 322,0,6322,
Switzerland,1978,  6 302,0,6302,
Switzerland,1979,  6 287,0,6287,
Switzerland,1980,  6 284,0,6284,
Switzerland,1981,  6 296,0,6296,
Switzerland,1982,  6 321,0,6321,
Switzerland,1983,  6 357,0,6357,
Switzerland,1984,  6 396,0,6396,
Switzerland,1985,  6 435,0,6435,
Switzerland,1986,  6 473,0,6473,
Switzerland,1987,  6 511,0,6511,
Switzerland,1988,  6 551,0,6551,
Switzerland,1989,  6 597,0,6597,
Switzerland,1990,  6 653,0,6653,
Switzerland,1991,  6 719,0,6719,
Switzerland,1992,  6 793,0,6793,
Switzerland,1993,  6 869,0,6869,
Switzerland,1994,  6 938,0,6938,
Switzerland,1995,  6 996,0,6996,
Switzerland,1996,  7 038,0,7038,
Switzerland,1997,  7 069,0,7069,
Switzerland,1998,  7 092,0,7092,
Switzerland,1999,  7 115,0,7115,
Switzerland,2000,  7 144,0,7144,
Switzerland,2001,  7 179,0,7179,
Switzerland,2002,  7 220,0,7220,
Switzerland,2003,  7 268,0,7268,
Switzerland,2004,  7 324,0,7324,
Switzerland,2005,  7 387,0,7387,
Switzerland,2006,  7 458,0,7458,
Switzerland,2007,  7 537,0,7537,
Switzerland,2008,  7 623,0,7623,
Switzerland,2009,  7 714,0,7714,
Switzerland,2010,  7 809,0,7809,
Switzerland,2011,  7 907,0,7907,
Switzerland,2012,  8 008,0,8008,
Switzerland,2013,  8 109,0,8109,
Switzerland,2014,  8 206,0,8206,
Switzerland,2015,  8 297,0,8297,
Switzerland,2016,  8 380,0,8380,
Switzerland,2017,  8 456,0,8456,
Switzerland,2018,  8 526,0,8526,
Switzerland,2019,  8 591,0,8591,
Switzerland,2020,  8 655,0,8655,
United Kingdom,1950,  50 616,0,50616,
United Kingdom,1951,  50 602,0,50602,
United Kingdom,1952,  50 651,0,50651,
United Kingdom,1953,  50 751,0,50751,
United Kingdom,1954,  50 891,0,50891,
United Kingdom,1955,  51 064,0,51064,
United Kingdom,1956,  51 266,0,51266,
United Kingdom,1957,  51 496,0,51496,
United Kingdom,1958,  51 755,0,51755,
United Kingdom,1959,  52 046,0,52046,
United Kingdom,1960,  52 371,0,52371,
United Kingdom,1961,  52 728,0,52728,
United Kingdom,1962,  53 109,0,53109,
United Kingdom,1963,  53 501,0,53501,
United Kingdom,1964,  53 883,0,53883,
United Kingdom,1965,  54 241,0,54241,
United Kingdom,1966,  54 569,0,54569,
United Kingdom,1967,  54 867,0,54867,
United Kingdom,1968,  55 133,0,55133,
United Kingdom,1969,  55 368,0,55368,
United Kingdom,1970,  55 573,0,55573,
United Kingdom,1971,  55 749,0,55749,
United Kingdom,1972,  55 892,0,55892,
United Kingdom,1973,  56 006,0,56006,
United Kingdom,1974,  56 092,0,56092,
United Kingdom,1975,  56 152,0,56152,
United Kingdom,1976,  56 188,0,56188,
United Kingdom,1977,  56 204,0,56204,
United Kingdom,1978,  56 206,0,56206,
United Kingdom,1979,  56 205,0,56205,
United Kingdom,1980,  56 209,0,56209,
United Kingdom,1981,  56 221,0,56221,
United Kingdom,1982,  56 241,0,56241,
United Kingdom,1983,  56 277,0,56277,
United Kingdom,1984,  56 333,0,56333,
United Kingdom,1985,  56 414,0,56414,
United Kingdom,1986,  56 523,0,56523,
United Kingdom,1987,  56 658,0,56658,
United Kingdom,1988,  56 813,0,56813,
United Kingdom,1989,  56 974,0,56974,
United Kingdom,1990,  57 134,0,57134,
United Kingdom,1991,  57 291,0,57291,
United Kingdom,1992,  57 446,0,57446,
United Kingdom,1993,  57 602,0,57602,
United Kingdom,1994,  57 763,0,57763,
United Kingdom,1995,  57 932,0,57932,
United Kingdom,1996,  58 114,0,58114,
United Kingdom,1997,  58 307,0,58307,
United Kingdom,1998,  58 510,0,58510,
United Kingdom,1999,  58 716,0,58716,
United Kingdom,2000,  58 923,0,58923,
United Kingdom,2001,  59 124,0,59124,
United Kingdom,2002,  59 326,0,59326,
United Kingdom,2003,  59 561,0,59561,
United Kingdom,2004,  59 873,0,59873,
United Kingdom,2005,  60 288,0,60288,
United Kingdom,2006,  60 821,0,60821,
United Kingdom,2007,  61 455,0,61455,
United Kingdom,2008,  62 145,0,62145,
United Kingdom,2009,  62 829,0,62829,
United Kingdom,2010,  63 460,0,63460,
United Kingdom,2011,  64 022,0,64022,
United Kingdom,2012,  64 525,0,64525,
United Kingdom,2013,  64 984,0,64984,
United Kingdom,2014,  65 423,0,65423,
United Kingdom,2015,  65 860,0,65860,
United Kingdom,2016,  66 298,0,66298,
United Kingdom,2017,  66 727,0,66727,
United Kingdom,2018,  67 142,0,67142,
United Kingdom,2019,  67 530,0,67530,
United Kingdom,2020,  67 886,0,67886,
European Total,2021,  747 747,1,747747,
European Total,2022,  747 544,1,747544,
European Total,2023,  747 090,1,747090,
European Total,2024,  746 481,1,746481,
European Total,2025,  745 791,1,745791,
European Total,2026,  745 041,1,745041,
European Total,2027,  744 219,1,744219,
European Total,2028,  743 327,1,743327,
European Total,2029,  742 356,1,742356,
European Total,2030,  741 303,1,741303,
European Total,2031,  740 175,1,740175,
European Total,2032,  738 985,1,738985,
European Total,2033,  737 739,1,737739,
European Total,2034,  736 443,1,736443,
European Total,2035,  735 101,1,735101,
European Total,2036,  733 717,1,733717,
European Total,2037,  732 293,1,732293,
European Total,2038,  730 833,1,730833,
European Total,2039,  729 338,1,729338,
European Total,2040,  727 811,1,727811,
European Total,2041,  726 252,1,726252,
European Total,2042,  724 661,1,724661,
European Total,2043,  723 037,1,723037,
European Total,2044,  721 374,1,721374,
European Total,2045,  719 669,1,719669,
European Total,2046,  717 922,1,717922,
European Total,2047,  716 133,1,716133,
European Total,2048,  714 299,1,714299,
European Total,2049,  712 417,1,712417,
European Total,2050,  710 486,1,710486,
European Total,2051,  708 507,1,708507,
European Total,2052,  706 480,1,706480,
European Total,2053,  704 406,1,704406,
European Total,2054,  702 286,1,702286,
European Total,2055,  700 121,1,700121,
European Total,2056,  697 913,1,697913,
European Total,2057,  695 669,1,695669,
European Total,2058,  693 394,1,693394,
European Total,2059,  691 099,1,691099,
European Total,2060,  688 790,1,688790,
European Total,2061,  686 475,1,686475,
European Total,2062,  684 158,1,684158,
European Total,2063,  681 848,1,681848,
European Total,2064,  679 558,1,679558,
European Total,2065,  677 295,1,677295,
European Total,2066,  675 066,1,675066,
European Total,2067,  672 876,1,672876,
European Total,2068,  670 730,1,670730,
European Total,2069,  668 634,1,668634,
European Total,2070,  666 591,1,666591,
European Total,2071,  664 605,1,664605,
European Total,2072,  662 680,1,662680,
European Total,2073,  660 817,1,660817,
European Total,2074,  659 018,1,659018,
European Total,2075,  657 283,1,657283,
European Total,2076,  655 615,1,655615,
European Total,2077,  654 012,1,654012,
European Total,2078,  652 474,1,652474,
European Total,2079,  651 000,1,651000,
European Total,2080,  649 589,1,649589,
European Total,2081,  648 238,1,648238,
European Total,2082,  646 946,1,646946,
European Total,2083,  645 711,1,645711,
European Total,2084,  644 530,1,644530,
European Total,2085,  643 399,1,643399,
European Total,2086,  642 316,1,642316,
European Total,2087,  641 277,1,641277,
European Total,2088,  640 278,1,640278,
European Total,2089,  639 310,1,639310,
European Total,2090,  638 369,1,638369,
European Total,2091,  637 449,1,637449,
European Total,2092,  636 547,1,636547,
European Total,2093,  635 661,1,635661,
European Total,2094,  634 786,1,634786,
European Total,2095,  633 921,1,633921,
European Total,2096,  633 060,1,633060,
European Total,2097,  632 199,1,632199,
European Total,2098,  631 334,1,631334,
European Total,2099,  630 457,1,630457,
European Total,2100,  629 563,1,629563,
Austria,2021,  9 043,1,9043,
Austria,2022,  9 067,1,9067,
Austria,2023,  9 081,1,9081,
Austria,2024,  9 092,1,9092,
Austria,2025,  9 104,1,9104,
Austria,2026,  9 119,1,9119,
Austria,2027,  9 134,1,9134,
Austria,2028,  9 149,1,9149,
Austria,2029,  9 164,1,9164,
Austria,2030,  9 176,1,9176,
Austria,2031,  9 186,1,9186,
Austria,2032,  9 195,1,9195,
Austria,2033,  9 202,1,9202,
Austria,2034,  9 207,1,9207,
Austria,2035,  9 212,1,9212,
Austria,2036,  9 214,1,9214,
Austria,2037,  9 216,1,9216,
Austria,2038,  9 216,1,9216,
Austria,2039,  9 214,1,9214,
Austria,2040,  9 212,1,9212,
Austria,2041,  9 208,1,9208,
Austria,2042,  9 204,1,9204,
Austria,2043,  9 198,1,9198,
Austria,2044,  9 192,1,9192,
Austria,2045,  9 184,1,9184,
Austria,2046,  9 175,1,9175,
Austria,2047,  9 166,1,9166,
Austria,2048,  9 155,1,9155,
Austria,2049,  9 143,1,9143,
Austria,2050,  9 131,1,9131,
Austria,2051,  9 117,1,9117,
Austria,2052,  9 103,1,9103,
Austria,2053,  9 088,1,9088,
Austria,2054,  9 072,1,9072,
Austria,2055,  9 056,1,9056,
Austria,2056,  9 040,1,9040,
Austria,2057,  9 024,1,9024,
Austria,2058,  9 008,1,9008,
Austria,2059,  8 992,1,8992,
Austria,2060,  8 976,1,8976,
Austria,2061,  8 961,1,8961,
Austria,2062,  8 947,1,8947,
Austria,2063,  8 932,1,8932,
Austria,2064,  8 918,1,8918,
Austria,2065,  8 905,1,8905,
Austria,2066,  8 892,1,8892,
Austria,2067,  8 880,1,8880,
Austria,2068,  8 868,1,8868,
Austria,2069,  8 857,1,8857,
Austria,2070,  8 845,1,8845,
Austria,2071,  8 833,1,8833,
Austria,2072,  8 822,1,8822,
Austria,2073,  8 811,1,8811,
Austria,2074,  8 799,1,8799,
Austria,2075,  8 788,1,8788,
Austria,2076,  8 776,1,8776,
Austria,2077,  8 764,1,8764,
Austria,2078,  8 752,1,8752,
Austria,2079,  8 741,1,8741,
Austria,2080,  8 729,1,8729,
Austria,2081,  8 718,1,8718,
Austria,2082,  8 708,1,8708,
Austria,2083,  8 697,1,8697,
Austria,2084,  8 688,1,8688,
Austria,2085,  8 680,1,8680,
Austria,2086,  8 672,1,8672,
Austria,2087,  8 666,1,8666,
Austria,2088,  8 661,1,8661,
Austria,2089,  8 656,1,8656,
Austria,2090,  8 653,1,8653,
Austria,2091,  8 652,1,8652,
Austria,2092,  8 651,1,8651,
Austria,2093,  8 651,1,8651,
Austria,2094,  8 653,1,8653,
Austria,2095,  8 655,1,8655,
Austria,2096,  8 658,1,8658,
Austria,2097,  8 662,1,8662,
Austria,2098,  8 666,1,8666,
Austria,2099,  8 671,1,8671,
Austria,2100,  8 677,1,8677,
Belgium,2021,  11 632,1,11632,
Belgium,2022,  11 668,1,11668,
Belgium,2023,  11 699,1,11699,
Belgium,2024,  11 728,1,11728,
Belgium,2025,  11 757,1,11757,
Belgium,2026,  11 787,1,11787,
Belgium,2027,  11 817,1,11817,
Belgium,2028,  11 847,1,11847,
Belgium,2029,  11 876,1,11876,
Belgium,2030,  11 904,1,11904,
Belgium,2031,  11 930,1,11930,
Belgium,2032,  11 956,1,11956,
Belgium,2033,  11 981,1,11981,
Belgium,2034,  12 004,1,12004,
Belgium,2035,  12 026,1,12026,
Belgium,2036,  12 048,1,12048,
Belgium,2037,  12 068,1,12068,
Belgium,2038,  12 087,1,12087,
Belgium,2039,  12 104,1,12104,
Belgium,2040,  12 121,1,12121,
Belgium,2041,  12 137,1,12137,
Belgium,2042,  12 151,1,12151,
Belgium,2043,  12 165,1,12165,
Belgium,2044,  12 177,1,12177,
Belgium,2045,  12 187,1,12187,
Belgium,2046,  12 197,1,12197,
Belgium,2047,  12 204,1,12204,
Belgium,2048,  12 211,1,12211,
Belgium,2049,  12 216,1,12216,
Belgium,2050,  12 221,1,12221,
Belgium,2051,  12 224,1,12224,
Belgium,2052,  12 226,1,12226,
Belgium,2053,  12 228,1,12228,
Belgium,2054,  12 229,1,12229,
Belgium,2055,  12 229,1,12229,
Belgium,2056,  12 230,1,12230,
Belgium,2057,  12 230,1,12230,
Belgium,2058,  12 230,1,12230,
Belgium,2059,  12 230,1,12230,
Belgium,2060,  12 230,1,12230,
Belgium,2061,  12 230,1,12230,
Belgium,2062,  12 230,1,12230,
Belgium,2063,  12 231,1,12231,
Belgium,2064,  12 232,1,12232,
Belgium,2065,  12 234,1,12234,
Belgium,2066,  12 236,1,12236,
Belgium,2067,  12 239,1,12239,
Belgium,2068,  12 243,1,12243,
Belgium,2069,  12 247,1,12247,
Belgium,2070,  12 251,1,12251,
Belgium,2071,  12 256,1,12256,
Belgium,2072,  12 261,1,12261,
Belgium,2073,  12 266,1,12266,
Belgium,2074,  12 272,1,12272,
Belgium,2075,  12 278,1,12278,
Belgium,2076,  12 284,1,12284,
Belgium,2077,  12 290,1,12290,
Belgium,2078,  12 297,1,12297,
Belgium,2079,  12 304,1,12304,
Belgium,2080,  12 310,1,12310,
Belgium,2081,  12 317,1,12317,
Belgium,2082,  12 324,1,12324,
Belgium,2083,  12 331,1,12331,
Belgium,2084,  12 339,1,12339,
Belgium,2085,  12 346,1,12346,
Belgium,2086,  12 355,1,12355,
Belgium,2087,  12 363,1,12363,
Belgium,2088,  12 372,1,12372,
Belgium,2089,  12 381,1,12381,
Belgium,2090,  12 390,1,12390,
Belgium,2091,  12 400,1,12400,
Belgium,2092,  12 410,1,12410,
Belgium,2093,  12 420,1,12420,
Belgium,2094,  12 430,1,12430,
Belgium,2095,  12 441,1,12441,
Belgium,2096,  12 451,1,12451,
Belgium,2097,  12 462,1,12462,
Belgium,2098,  12 472,1,12472,
Belgium,2099,  12 483,1,12483,
Belgium,2100,  12 493,1,12493,
Denmark,2021,  5 813,1,5813,
Denmark,2022,  5 835,1,5835,
Denmark,2023,  5 857,1,5857,
Denmark,2024,  5 879,1,5879,
Denmark,2025,  5 900,1,5900,
Denmark,2026,  5 922,1,5922,
Denmark,2027,  5 943,1,5943,
Denmark,2028,  5 963,1,5963,
Denmark,2029,  5 983,1,5983,
Denmark,2030,  6 002,1,6002,
Denmark,2031,  6 020,1,6020,
Denmark,2032,  6 037,1,6037,
Denmark,2033,  6 054,1,6054,
Denmark,2034,  6 069,1,6069,
Denmark,2035,  6 084,1,6084,
Denmark,2036,  6 098,1,6098,
Denmark,2037,  6 111,1,6111,
Denmark,2038,  6 123,1,6123,
Denmark,2039,  6 135,1,6135,
Denmark,2040,  6 147,1,6147,
Denmark,2041,  6 157,1,6157,
Denmark,2042,  6 168,1,6168,
Denmark,2043,  6 178,1,6178,
Denmark,2044,  6 188,1,6188,
Denmark,2045,  6 197,1,6197,
Denmark,2046,  6 207,1,6207,
Denmark,2047,  6 216,1,6216,
Denmark,2048,  6 226,1,6226,
Denmark,2049,  6 236,1,6236,
Denmark,2050,  6 245,1,6245,
Denmark,2051,  6 255,1,6255,
Denmark,2052,  6 266,1,6266,
Denmark,2053,  6 276,1,6276,
Denmark,2054,  6 286,1,6286,
Denmark,2055,  6 297,1,6297,
Denmark,2056,  6 308,1,6308,
Denmark,2057,  6 320,1,6320,
Denmark,2058,  6 331,1,6331,
Denmark,2059,  6 343,1,6343,
Denmark,2060,  6 355,1,6355,
Denmark,2061,  6 367,1,6367,
Denmark,2062,  6 380,1,6380,
Denmark,2063,  6 393,1,6393,
Denmark,2064,  6 406,1,6406,
Denmark,2065,  6 420,1,6420,
Denmark,2066,  6 433,1,6433,
Denmark,2067,  6 447,1,6447,
Denmark,2068,  6 461,1,6461,
Denmark,2069,  6 475,1,6475,
Denmark,2070,  6 490,1,6490,
Denmark,2071,  6 504,1,6504,
Denmark,2072,  6 519,1,6519,
Denmark,2073,  6 533,1,6533,
Denmark,2074,  6 548,1,6548,
Denmark,2075,  6 562,1,6562,
Denmark,2076,  6 576,1,6576,
Denmark,2077,  6 590,1,6590,
Denmark,2078,  6 603,1,6603,
Denmark,2079,  6 616,1,6616,
Denmark,2080,  6 630,1,6630,
Denmark,2081,  6 642,1,6642,
Denmark,2082,  6 655,1,6655,
Denmark,2083,  6 667,1,6667,
Denmark,2084,  6 679,1,6679,
Denmark,2085,  6 691,1,6691,
Denmark,2086,  6 702,1,6702,
Denmark,2087,  6 713,1,6713,
Denmark,2088,  6 725,1,6725,
Denmark,2089,  6 736,1,6736,
Denmark,2090,  6 747,1,6747,
Denmark,2091,  6 759,1,6759,
Denmark,2092,  6 770,1,6770,
Denmark,2093,  6 782,1,6782,
Denmark,2094,  6 795,1,6795,
Denmark,2095,  6 807,1,6807,
Denmark,2096,  6 820,1,6820,
Denmark,2097,  6 832,1,6832,
Denmark,2098,  6 845,1,6845,
Denmark,2099,  6 859,1,6859,
Denmark,2100,  6 873,1,6873,
Finland,2021,  5 548,1,5548,
Finland,2022,  5 555,1,5555,
Finland,2023,  5 561,1,5561,
Finland,2024,  5 565,1,5565,
Finland,2025,  5 570,1,5570,
Finland,2026,  5 573,1,5573,
Finland,2027,  5 576,1,5576,
Finland,2028,  5 578,1,5578,
Finland,2029,  5 580,1,5580,
Finland,2030,  5 581,1,5581,
Finland,2031,  5 581,1,5581,
Finland,2032,  5 580,1,5580,
Finland,2033,  5 579,1,5579,
Finland,2034,  5 577,1,5577,
Finland,2035,  5 574,1,5574,
Finland,2036,  5 571,1,5571,
Finland,2037,  5 567,1,5567,
Finland,2038,  5 562,1,5562,
Finland,2039,  5 557,1,5557,
Finland,2040,  5 552,1,5552,
Finland,2041,  5 546,1,5546,
Finland,2042,  5 540,1,5540,
Finland,2043,  5 534,1,5534,
Finland,2044,  5 527,1,5527,
Finland,2045,  5 521,1,5521,
Finland,2046,  5 514,1,5514,
Finland,2047,  5 507,1,5507,
Finland,2048,  5 500,1,5500,
Finland,2049,  5 493,1,5493,
Finland,2050,  5 486,1,5486,
Finland,2051,  5 479,1,5479,
Finland,2052,  5 472,1,5472,
Finland,2053,  5 465,1,5465,
Finland,2054,  5 458,1,5458,
Finland,2055,  5 452,1,5452,
Finland,2056,  5 445,1,5445,
Finland,2057,  5 439,1,5439,
Finland,2058,  5 433,1,5433,
Finland,2059,  5 427,1,5427,
Finland,2060,  5 422,1,5422,
Finland,2061,  5 417,1,5417,
Finland,2062,  5 412,1,5412,
Finland,2063,  5 408,1,5408,
Finland,2064,  5 405,1,5405,
Finland,2065,  5 401,1,5401,
Finland,2066,  5 398,1,5398,
Finland,2067,  5 395,1,5395,
Finland,2068,  5 392,1,5392,
Finland,2069,  5 389,1,5389,
Finland,2070,  5 386,1,5386,
Finland,2071,  5 383,1,5383,
Finland,2072,  5 380,1,5380,
Finland,2073,  5 376,1,5376,
Finland,2074,  5 372,1,5372,
Finland,2075,  5 368,1,5368,
Finland,2076,  5 364,1,5364,
Finland,2077,  5 359,1,5359,
Finland,2078,  5 354,1,5354,
Finland,2079,  5 349,1,5349,
Finland,2080,  5 344,1,5344,
Finland,2081,  5 339,1,5339,
Finland,2082,  5 333,1,5333,
Finland,2083,  5 328,1,5328,
Finland,2084,  5 322,1,5322,
Finland,2085,  5 317,1,5317,
Finland,2086,  5 311,1,5311,
Finland,2087,  5 306,1,5306,
Finland,2088,  5 300,1,5300,
Finland,2089,  5 295,1,5295,
Finland,2090,  5 290,1,5290,
Finland,2091,  5 286,1,5286,
Finland,2092,  5 281,1,5281,
Finland,2093,  5 277,1,5277,
Finland,2094,  5 273,1,5273,
Finland,2095,  5 269,1,5269,
Finland,2096,  5 266,1,5266,
Finland,2097,  5 263,1,5263,
Finland,2098,  5 260,1,5260,
Finland,2099,  5 257,1,5257,
Finland,2100,  5 254,1,5254,
France,2021,  65 426,1,65426,
France,2022,  65 585,1,65585,
France,2023,  65 745,1,65745,
France,2024,  65 902,1,65902,
France,2025,  66 051,1,66051,
France,2026,  66 191,1,66191,
France,2027,  66 324,1,66324,
France,2028,  66 452,1,66452,
France,2029,  66 575,1,66575,
France,2030,  66 696,1,66696,
France,2031,  66 813,1,66813,
France,2032,  66 926,1,66926,
France,2033,  67 034,1,67034,
France,2034,  67 136,1,67136,
France,2035,  67 229,1,67229,
France,2036,  67 315,1,67315,
France,2037,  67 393,1,67393,
France,2038,  67 462,1,67462,
France,2039,  67 521,1,67521,
France,2040,  67 571,1,67571,
France,2041,  67 611,1,67611,
France,2042,  67 641,1,67641,
France,2043,  67 662,1,67662,
France,2044,  67 674,1,67674,
France,2045,  67 677,1,67677,
France,2046,  67 673,1,67673,
France,2047,  67 661,1,67661,
France,2048,  67 642,1,67642,
France,2049,  67 617,1,67617,
France,2050,  67 587,1,67587,
France,2051,  67 551,1,67551,
France,2052,  67 511,1,67511,
France,2053,  67 467,1,67467,
France,2054,  67 419,1,67419,
France,2055,  67 368,1,67368,
France,2056,  67 314,1,67314,
France,2057,  67 258,1,67258,
France,2058,  67 200,1,67200,
France,2059,  67 142,1,67142,
France,2060,  67 083,1,67083,
France,2061,  67 025,1,67025,
France,2062,  66 967,1,66967,
France,2063,  66 911,1,66911,
France,2064,  66 858,1,66858,
France,2065,  66 807,1,66807,
France,2066,  66 759,1,66759,
France,2067,  66 714,1,66714,
France,2068,  66 672,1,66672,
France,2069,  66 633,1,66633,
France,2070,  66 596,1,66596,
France,2071,  66 561,1,66561,
France,2072,  66 527,1,66527,
France,2073,  66 495,1,66495,
France,2074,  66 465,1,66465,
France,2075,  66 436,1,66436,
France,2076,  66 407,1,66407,
France,2077,  66 380,1,66380,
France,2078,  66 353,1,66353,
France,2079,  66 324,1,66324,
France,2080,  66 295,1,66295,
France,2081,  66 263,1,66263,
France,2082,  66 230,1,66230,
France,2083,  66 196,1,66196,
France,2084,  66 160,1,66160,
France,2085,  66 125,1,66125,
France,2086,  66 088,1,66088,
France,2087,  66 051,1,66051,
France,2088,  66 014,1,66014,
France,2089,  65 976,1,65976,
France,2090,  65 938,1,65938,
France,2091,  65 900,1,65900,
France,2092,  65 861,1,65861,
France,2093,  65 821,1,65821,
France,2094,  65 780,1,65780,
France,2095,  65 738,1,65738,
France,2096,  65 695,1,65695,
France,2097,  65 649,1,65649,
France,2098,  65 601,1,65601,
France,2099,  65 551,1,65551,
France,2100,  65 498,1,65498,
Germany,2021,  83 900,1,83900,
Germany,2022,  83 884,1,83884,
Germany,2023,  83 775,1,83775,
Germany,2024,  83 636,1,83636,
Germany,2025,  83 515,1,83515,
Germany,2026,  83 423,1,83423,
Germany,2027,  83 346,1,83346,
Germany,2028,  83 281,1,83281,
Germany,2029,  83 214,1,83214,
Germany,2030,  83 136,1,83136,
Germany,2031,  83 048,1,83048,
Germany,2032,  82 956,1,82956,
Germany,2033,  82 860,1,82860,
Germany,2034,  82 758,1,82758,
Germany,2035,  82 650,1,82650,
Germany,2036,  82 535,1,82535,
Germany,2037,  82 414,1,82414,
Germany,2038,  82 286,1,82286,
Germany,2039,  82 149,1,82149,
Germany,2040,  82 004,1,82004,
Germany,2041,  81 850,1,81850,
Germany,2042,  81 687,1,81687,
Germany,2043,  81 516,1,81516,
Germany,2044,  81 336,1,81336,
Germany,2045,  81 148,1,81148,
Germany,2046,  80 951,1,80951,
Germany,2047,  80 747,1,80747,
Germany,2048,  80 537,1,80537,
Germany,2049,  80 322,1,80322,
Germany,2050,  80 104,1,80104,
Germany,2051,  79 884,1,79884,
Germany,2052,  79 662,1,79662,
Germany,2053,  79 440,1,79440,
Germany,2054,  79 219,1,79219,
Germany,2055,  78 999,1,78999,
Germany,2056,  78 782,1,78782,
Germany,2057,  78 568,1,78568,
Germany,2058,  78 359,1,78359,
Germany,2059,  78 156,1,78156,
Germany,2060,  77 962,1,77962,
Germany,2061,  77 775,1,77775,
Germany,2062,  77 597,1,77597,
Germany,2063,  77 428,1,77428,
Germany,2064,  77 268,1,77268,
Germany,2065,  77 116,1,77116,
Germany,2066,  76 972,1,76972,
Germany,2067,  76 837,1,76837,
Germany,2068,  76 709,1,76709,
Germany,2069,  76 586,1,76586,
Germany,2070,  76 467,1,76467,
Germany,2071,  76 351,1,76351,
Germany,2072,  76 239,1,76239,
Germany,2073,  76 129,1,76129,
Germany,2074,  76 021,1,76021,
Germany,2075,  75 914,1,75914,
Germany,2076,  75 808,1,75808,
Germany,2077,  75 702,1,75702,
Germany,2078,  75 598,1,75598,
Germany,2079,  75 498,1,75498,
Germany,2080,  75 402,1,75402,
Germany,2081,  75 310,1,75310,
Germany,2082,  75 224,1,75224,
Germany,2083,  75 143,1,75143,
Germany,2084,  75 068,1,75068,
Germany,2085,  75 001,1,75001,
Germany,2086,  74 940,1,74940,
Germany,2087,  74 887,1,74887,
Germany,2088,  74 841,1,74841,
Germany,2089,  74 802,1,74802,
Germany,2090,  74 770,1,74770,
Germany,2091,  74 744,1,74744,
Germany,2092,  74 725,1,74725,
Germany,2093,  74 712,1,74712,
Germany,2094,  74 705,1,74705,
Germany,2095,  74 703,1,74703,
Germany,2096,  74 705,1,74705,
Germany,2097,  74 711,1,74711,
Germany,2098,  74 719,1,74719,
Germany,2099,  74 730,1,74730,
Germany,2100,  74 741,1,74741,
Ireland,2021,  4 983,1,4983,
Ireland,2022,  5 020,1,5020,
Ireland,2023,  5 052,1,5052,
Ireland,2024,  5 080,1,5080,
Ireland,2025,  5 109,1,5109,
Ireland,2026,  5 138,1,5138,
Ireland,2027,  5 167,1,5167,
Ireland,2028,  5 195,1,5195,
Ireland,2029,  5 222,1,5222,
Ireland,2030,  5 248,1,5248,
Ireland,2031,  5 274,1,5274,
Ireland,2032,  5 299,1,5299,
Ireland,2033,  5 324,1,5324,
Ireland,2034,  5 348,1,5348,
Ireland,2035,  5 372,1,5372,
Ireland,2036,  5 396,1,5396,
Ireland,2037,  5 420,1,5420,
Ireland,2038,  5 443,1,5443,
Ireland,2039,  5 466,1,5466,
Ireland,2040,  5 489,1,5489,
Ireland,2041,  5 511,1,5511,
Ireland,2042,  5 533,1,5533,
Ireland,2043,  5 555,1,5555,
Ireland,2044,  5 575,1,5575,
Ireland,2045,  5 595,1,5595,
Ireland,2046,  5 614,1,5614,
Ireland,2047,  5 632,1,5632,
Ireland,2048,  5 648,1,5648,
Ireland,2049,  5 664,1,5664,
Ireland,2050,  5 678,1,5678,
Ireland,2051,  5 690,1,5690,
Ireland,2052,  5 701,1,5701,
Ireland,2053,  5 711,1,5711,
Ireland,2054,  5 719,1,5719,
Ireland,2055,  5 725,1,5725,
Ireland,2056,  5 731,1,5731,
Ireland,2057,  5 734,1,5734,
Ireland,2058,  5 737,1,5737,
Ireland,2059,  5 738,1,5738,
Ireland,2060,  5 739,1,5739,
Ireland,2061,  5 738,1,5738,
Ireland,2062,  5 737,1,5737,
Ireland,2063,  5 734,1,5734,
Ireland,2064,  5 732,1,5732,
Ireland,2065,  5 728,1,5728,
Ireland,2066,  5 725,1,5725,
Ireland,2067,  5 721,1,5721,
Ireland,2068,  5 717,1,5717,
Ireland,2069,  5 713,1,5713,
Ireland,2070,  5 710,1,5710,
Ireland,2071,  5 707,1,5707,
Ireland,2072,  5 703,1,5703,
Ireland,2073,  5 701,1,5701,
Ireland,2074,  5 699,1,5699,
Ireland,2075,  5 697,1,5697,
Ireland,2076,  5 696,1,5696,
Ireland,2077,  5 696,1,5696,
Ireland,2078,  5 696,1,5696,
Ireland,2079,  5 697,1,5697,
Ireland,2080,  5 698,1,5698,
Ireland,2081,  5 699,1,5699,
Ireland,2082,  5 702,1,5702,
Ireland,2083,  5 704,1,5704,
Ireland,2084,  5 706,1,5706,
Ireland,2085,  5 709,1,5709,
Ireland,2086,  5 711,1,5711,
Ireland,2087,  5 713,1,5713,
Ireland,2088,  5 715,1,5715,
Ireland,2089,  5 717,1,5717,
Ireland,2090,  5 717,1,5717,
Ireland,2091,  5 717,1,5717,
Ireland,2092,  5 717,1,5717,
Ireland,2093,  5 715,1,5715,
Ireland,2094,  5 713,1,5713,
Ireland,2095,  5 710,1,5710,
Ireland,2096,  5 706,1,5706,
Ireland,2097,  5 702,1,5702,
Ireland,2098,  5 697,1,5697,
Ireland,2099,  5 691,1,5691,
Ireland,2100,  5 685,1,5685,
Italy,2021,  60 367,1,60367,
Italy,2022,  60 263,1,60263,
Italy,2023,  60 148,1,60148,
Italy,2024,  60 019,1,60019,
Italy,2025,  59 877,1,59877,
Italy,2026,  59 721,1,59721,
Italy,2027,  59 556,1,59556,
Italy,2028,  59 384,1,59384,
Italy,2029,  59 208,1,59208,
Italy,2030,  59 031,1,59031,
Italy,2031,  58 854,1,58854,
Italy,2032,  58 676,1,58676,
Italy,2033,  58 498,1,58498,
Italy,2034,  58 318,1,58318,
Italy,2035,  58 136,1,58136,
Italy,2036,  57 951,1,57951,
Italy,2037,  57 763,1,57763,
Italy,2038,  57 571,1,57571,
Italy,2039,  57 370,1,57370,
Italy,2040,  57 160,1,57160,
Italy,2041,  56 940,1,56940,
Italy,2042,  56 709,1,56709,
Italy,2043,  56 465,1,56465,
Italy,2044,  56 209,1,56209,
Italy,2045,  55 939,1,55939,
Italy,2046,  55 654,1,55654,
Italy,2047,  55 355,1,55355,
Italy,2048,  55 043,1,55043,
Italy,2049,  54 718,1,54718,
Italy,2050,  54 382,1,54382,
Italy,2051,  54 035,1,54035,
Italy,2052,  53 678,1,53678,
Italy,2053,  53 312,1,53312,
Italy,2054,  52 937,1,52937,
Italy,2055,  52 553,1,52553,
Italy,2056,  52 162,1,52162,
Italy,2057,  51 766,1,51766,
Italy,2058,  51 364,1,51364,
Italy,2059,  50 961,1,50961,
Italy,2060,  50 557,1,50557,
Italy,2061,  50 153,1,50153,
Italy,2062,  49 751,1,49751,
Italy,2063,  49 353,1,49353,
Italy,2064,  48 961,1,48961,
Italy,2065,  48 578,1,48578,
Italy,2066,  48 204,1,48204,
Italy,2067,  47 840,1,47840,
Italy,2068,  47 487,1,47487,
Italy,2069,  47 145,1,47145,
Italy,2070,  46 815,1,46815,
Italy,2071,  46 496,1,46496,
Italy,2072,  46 189,1,46189,
Italy,2073,  45 894,1,45894,
Italy,2074,  45 609,1,45609,
Italy,2075,  45 335,1,45335,
Italy,2076,  45 070,1,45070,
Italy,2077,  44 815,1,44815,
Italy,2078,  44 568,1,44568,
Italy,2079,  44 328,1,44328,
Italy,2080,  44 094,1,44094,
Italy,2081,  43 864,1,43864,
Italy,2082,  43 640,1,43640,
Italy,2083,  43 419,1,43419,
Italy,2084,  43 202,1,43202,
Italy,2085,  42 988,1,42988,
Italy,2086,  42 776,1,42776,
Italy,2087,  42 566,1,42566,
Italy,2088,  42 358,1,42358,
Italy,2089,  42 152,1,42152,
Italy,2090,  41 947,1,41947,
Italy,2091,  41 744,1,41744,
Italy,2092,  41 542,1,41542,
Italy,2093,  41 341,1,41341,
Italy,2094,  41 142,1,41142,
Italy,2095,  40 944,1,40944,
Italy,2096,  40 749,1,40749,
Italy,2097,  40 555,1,40555,
Italy,2098,  40 365,1,40365,
Italy,2099,  40 177,1,40177,
Italy,2100,  39 993,1,39993,
Netherlands,2021,  17 173,1,17173,
Netherlands,2022,  17 211,1,17211,
Netherlands,2023,  17 249,1,17249,
Netherlands,2024,  17 286,1,17286,
Netherlands,2025,  17 320,1,17320,
Netherlands,2026,  17 351,1,17351,
Netherlands,2027,  17 380,1,17380,
Netherlands,2028,  17 406,1,17406,
Netherlands,2029,  17 430,1,17430,
Netherlands,2030,  17 450,1,17450,
Netherlands,2031,  17 468,1,17468,
Netherlands,2032,  17 482,1,17482,
Netherlands,2033,  17 492,1,17492,
Netherlands,2034,  17 499,1,17499,
Netherlands,2035,  17 502,1,17502,
Netherlands,2036,  17 501,1,17501,
Netherlands,2037,  17 497,1,17497,
Netherlands,2038,  17 488,1,17488,
Netherlands,2039,  17 476,1,17476,
Netherlands,2040,  17 461,1,17461,
Netherlands,2041,  17 442,1,17442,
Netherlands,2042,  17 420,1,17420,
Netherlands,2043,  17 395,1,17395,
Netherlands,2044,  17 368,1,17368,
Netherlands,2045,  17 338,1,17338,
Netherlands,2046,  17 307,1,17307,
Netherlands,2047,  17 274,1,17274,
Netherlands,2048,  17 239,1,17239,
Netherlands,2049,  17 203,1,17203,
Netherlands,2050,  17 165,1,17165,
Netherlands,2051,  17 127,1,17127,
Netherlands,2052,  17 088,1,17088,
Netherlands,2053,  17 049,1,17049,
Netherlands,2054,  17 010,1,17010,
Netherlands,2055,  16 971,1,16971,
Netherlands,2056,  16 933,1,16933,
Netherlands,2057,  16 895,1,16895,
Netherlands,2058,  16 858,1,16858,
Netherlands,2059,  16 822,1,16822,
Netherlands,2060,  16 787,1,16787,
Netherlands,2061,  16 753,1,16753,
Netherlands,2062,  16 721,1,16721,
Netherlands,2063,  16 690,1,16690,
Netherlands,2064,  16 660,1,16660,
Netherlands,2065,  16 632,1,16632,
Netherlands,2066,  16 605,1,16605,
Netherlands,2067,  16 580,1,16580,
Netherlands,2068,  16 556,1,16556,
Netherlands,2069,  16 532,1,16532,
Netherlands,2070,  16 510,1,16510,
Netherlands,2071,  16 488,1,16488,
Netherlands,2072,  16 466,1,16466,
Netherlands,2073,  16 444,1,16444,
Netherlands,2074,  16 422,1,16422,
Netherlands,2075,  16 400,1,16400,
Netherlands,2076,  16 377,1,16377,
Netherlands,2077,  16 354,1,16354,
Netherlands,2078,  16 330,1,16330,
Netherlands,2079,  16 305,1,16305,
Netherlands,2080,  16 279,1,16279,
Netherlands,2081,  16 252,1,16252,
Netherlands,2082,  16 225,1,16225,
Netherlands,2083,  16 197,1,16197,
Netherlands,2084,  16 169,1,16169,
Netherlands,2085,  16 140,1,16140,
Netherlands,2086,  16 112,1,16112,
Netherlands,2087,  16 084,1,16084,
Netherlands,2088,  16 056,1,16056,
Netherlands,2089,  16 029,1,16029,
Netherlands,2090,  16 002,1,16002,
Netherlands,2091,  15 975,1,15975,
Netherlands,2092,  15 949,1,15949,
Netherlands,2093,  15 923,1,15923,
Netherlands,2094,  15 898,1,15898,
Netherlands,2095,  15 874,1,15874,
Netherlands,2096,  15 850,1,15850,
Netherlands,2097,  15 827,1,15827,
Netherlands,2098,  15 804,1,15804,
Netherlands,2099,  15 781,1,15781,
Netherlands,2100,  15 760,1,15760,
Norway,2021,  5 466,1,5466,
Norway,2022,  5 511,1,5511,
Norway,2023,  5 558,1,5558,
Norway,2024,  5 605,1,5605,
Norway,2025,  5 651,1,5651,
Norway,2026,  5 697,1,5697,
Norway,2027,  5 742,1,5742,
Norway,2028,  5 787,1,5787,
Norway,2029,  5 832,1,5832,
Norway,2030,  5 876,1,5876,
Norway,2031,  5 919,1,5919,
Norway,2032,  5 961,1,5961,
Norway,2033,  6 003,1,6003,
Norway,2034,  6 044,1,6044,
Norway,2035,  6 084,1,6084,
Norway,2036,  6 123,1,6123,
Norway,2037,  6 161,1,6161,
Norway,2038,  6 199,1,6199,
Norway,2039,  6 235,1,6235,
Norway,2040,  6 271,1,6271,
Norway,2041,  6 307,1,6307,
Norway,2042,  6 342,1,6342,
Norway,2043,  6 376,1,6376,
Norway,2044,  6 409,1,6409,
Norway,2045,  6 442,1,6442,
Norway,2046,  6 475,1,6475,
Norway,2047,  6 507,1,6507,
Norway,2048,  6 538,1,6538,
Norway,2049,  6 570,1,6570,
Norway,2050,  6 600,1,6600,
Norway,2051,  6 631,1,6631,
Norway,2052,  6 661,1,6661,
Norway,2053,  6 691,1,6691,
Norway,2054,  6 720,1,6720,
Norway,2055,  6 749,1,6749,
Norway,2056,  6 778,1,6778,
Norway,2057,  6 807,1,6807,
Norway,2058,  6 836,1,6836,
Norway,2059,  6 864,1,6864,
Norway,2060,  6 892,1,6892,
Norway,2061,  6 920,1,6920,
Norway,2062,  6 949,1,6949,
Norway,2063,  6 977,1,6977,
Norway,2064,  7 005,1,7005,
Norway,2065,  7 033,1,7033,
Norway,2066,  7 061,1,7061,
Norway,2067,  7 090,1,7090,
Norway,2068,  7 118,1,7118,
Norway,2069,  7 146,1,7146,
Norway,2070,  7 175,1,7175,
Norway,2071,  7 203,1,7203,
Norway,2072,  7 232,1,7232,
Norway,2073,  7 260,1,7260,
Norway,2074,  7 288,1,7288,
Norway,2075,  7 316,1,7316,
Norway,2076,  7 344,1,7344,
Norway,2077,  7 371,1,7371,
Norway,2078,  7 398,1,7398,
Norway,2079,  7 425,1,7425,
Norway,2080,  7 452,1,7452,
Norway,2081,  7 478,1,7478,
Norway,2082,  7 503,1,7503,
Norway,2083,  7 529,1,7529,
Norway,2084,  7 554,1,7554,
Norway,2085,  7 579,1,7579,
Norway,2086,  7 603,1,7603,
Norway,2087,  7 628,1,7628,
Norway,2088,  7 653,1,7653,
Norway,2089,  7 677,1,7677,
Norway,2090,  7 702,1,7702,
Norway,2091,  7 726,1,7726,
Norway,2092,  7 751,1,7751,
Norway,2093,  7 776,1,7776,
Norway,2094,  7 801,1,7801,
Norway,2095,  7 826,1,7826,
Norway,2096,  7 851,1,7851,
Norway,2097,  7 876,1,7876,
Norway,2098,  7 902,1,7902,
Norway,2099,  7 927,1,7927,
Norway,2100,  7 953,1,7953,
Portugal,2021,  10 168,1,10168,
Portugal,2022,  10 141,1,10141,
Portugal,2023,  10 114,1,10114,
Portugal,2024,  10 087,1,10087,
Portugal,2025,  10 060,1,10060,
Portugal,2026,  10 032,1,10032,
Portugal,2027,  10 004,1,10004,
Portugal,2028,  9 974,1,9974,
Portugal,2029,  9 944,1,9944,
Portugal,2030,  9 913,1,9913,
Portugal,2031,  9 881,1,9881,
Portugal,2032,  9 849,1,9849,
Portugal,2033,  9 816,1,9816,
Portugal,2034,  9 782,1,9782,
Portugal,2035,  9 748,1,9748,
Portugal,2036,  9 712,1,9712,
Portugal,2037,  9 675,1,9675,
Portugal,2038,  9 637,1,9637,
Portugal,2039,  9 598,1,9598,
Portugal,2040,  9 558,1,9558,
Portugal,2041,  9 517,1,9517,
Portugal,2042,  9 474,1,9474,
Portugal,2043,  9 430,1,9430,
Portugal,2044,  9 385,1,9385,
Portugal,2045,  9 338,1,9338,
Portugal,2046,  9 290,1,9290,
Portugal,2047,  9 240,1,9240,
Portugal,2048,  9 190,1,9190,
Portugal,2049,  9 138,1,9138,
Portugal,2050,  9 085,1,9085,
Portugal,2051,  9 030,1,9030,
Portugal,2052,  8 975,1,8975,
Portugal,2053,  8 919,1,8919,
Portugal,2054,  8 863,1,8863,
Portugal,2055,  8 805,1,8805,
Portugal,2056,  8 748,1,8748,
Portugal,2057,  8 689,1,8689,
Portugal,2058,  8 631,1,8631,
Portugal,2059,  8 573,1,8573,
Portugal,2060,  8 514,1,8514,
Portugal,2061,  8 456,1,8456,
Portugal,2062,  8 398,1,8398,
Portugal,2063,  8 340,1,8340,
Portugal,2064,  8 284,1,8284,
Portugal,2065,  8 228,1,8228,
Portugal,2066,  8 173,1,8173,
Portugal,2067,  8 118,1,8118,
Portugal,2068,  8 066,1,8066,
Portugal,2069,  8 014,1,8014,
Portugal,2070,  7 964,1,7964,
Portugal,2071,  7 916,1,7916,
Portugal,2072,  7 869,1,7869,
Portugal,2073,  7 824,1,7824,
Portugal,2074,  7 780,1,7780,
Portugal,2075,  7 738,1,7738,
Portugal,2076,  7 698,1,7698,
Portugal,2077,  7 660,1,7660,
Portugal,2078,  7 623,1,7623,
Portugal,2079,  7 587,1,7587,
Portugal,2080,  7 553,1,7553,
Portugal,2081,  7 520,1,7520,
Portugal,2082,  7 487,1,7487,
Portugal,2083,  7 456,1,7456,
Portugal,2084,  7 425,1,7425,
Portugal,2085,  7 395,1,7395,
Portugal,2086,  7 365,1,7365,
Portugal,2087,  7 336,1,7336,
Portugal,2088,  7 307,1,7307,
Portugal,2089,  7 278,1,7278,
Portugal,2090,  7 249,1,7249,
Portugal,2091,  7 221,1,7221,
Portugal,2092,  7 193,1,7193,
Portugal,2093,  7 165,1,7165,
Portugal,2094,  7 138,1,7138,
Portugal,2095,  7 111,1,7111,
Portugal,2096,  7 084,1,7084,
Portugal,2097,  7 058,1,7058,
Portugal,2098,  7 033,1,7033,
Portugal,2099,  7 008,1,7008,
Portugal,2100,  6 985,1,6985,
Spain,2021,  46 745,1,46745,
Spain,2022,  46 719,1,46719,
Spain,2023,  46 679,1,46679,
Spain,2024,  46 631,1,46631,
Spain,2025,  46 577,1,46577,
Spain,2026,  46 519,1,46519,
Spain,2027,  46 454,1,46454,
Spain,2028,  46 384,1,46384,
Spain,2029,  46 309,1,46309,
Spain,2030,  46 230,1,46230,
Spain,2031,  46 148,1,46148,
Spain,2032,  46 061,1,46061,
Spain,2033,  45 972,1,45972,
Spain,2034,  45 878,1,45878,
Spain,2035,  45 780,1,45780,
Spain,2036,  45 678,1,45678,
Spain,2037,  45 571,1,45571,
Spain,2038,  45 460,1,45460,
Spain,2039,  45 345,1,45345,
Spain,2040,  45 225,1,45225,
Spain,2041,  45 100,1,45100,
Spain,2042,  44 969,1,44969,
Spain,2043,  44 833,1,44833,
Spain,2044,  44 689,1,44689,
Spain,2045,  44 537,1,44537,
Spain,2046,  44 376,1,44376,
Spain,2047,  44 207,1,44207,
Spain,2048,  44 028,1,44028,
Spain,2049,  43 839,1,43839,
Spain,2050,  43 637,1,43637,
Spain,2051,  43 424,1,43424,
Spain,2052,  43 200,1,43200,
Spain,2053,  42 964,1,42964,
Spain,2054,  42 717,1,42717,
Spain,2055,  42 460,1,42460,
Spain,2056,  42 193,1,42193,
Spain,2057,  41 917,1,41917,
Spain,2058,  41 633,1,41633,
Spain,2059,  41 342,1,41342,
Spain,2060,  41 046,1,41046,
Spain,2061,  40 745,1,40745,
Spain,2062,  40 441,1,40441,
Spain,2063,  40 135,1,40135,
Spain,2064,  39 827,1,39827,
Spain,2065,  39 520,1,39520,
Spain,2066,  39 214,1,39214,
Spain,2067,  38 910,1,38910,
Spain,2068,  38 610,1,38610,
Spain,2069,  38 315,1,38315,
Spain,2070,  38 027,1,38027,
Spain,2071,  37 747,1,37747,
Spain,2072,  37 476,1,37476,
Spain,2073,  37 214,1,37214,
Spain,2074,  36 964,1,36964,
Spain,2075,  36 725,1,36725,
Spain,2076,  36 500,1,36500,
Spain,2077,  36 286,1,36286,
Spain,2078,  36 086,1,36086,
Spain,2079,  35 897,1,35897,
Spain,2080,  35 720,1,35720,
Spain,2081,  35 555,1,35555,
Spain,2082,  35 401,1,35401,
Spain,2083,  35 256,1,35256,
Spain,2084,  35 118,1,35118,
Spain,2085,  34 987,1,34987,
Spain,2086,  34 861,1,34861,
Spain,2087,  34 739,1,34739,
Spain,2088,  34 621,1,34621,
Spain,2089,  34 504,1,34504,
Spain,2090,  34 389,1,34389,
Spain,2091,  34 274,1,34274,
Spain,2092,  34 159,1,34159,
Spain,2093,  34 044,1,34044,
Spain,2094,  33 928,1,33928,
Spain,2095,  33 811,1,33811,
Spain,2096,  33 693,1,33693,
Spain,2097,  33 574,1,33574,
Spain,2098,  33 454,1,33454,
Spain,2099,  33 333,1,33333,
Spain,2100,  33 210,1,33210,
Sweden,2021,  10 160,1,10160,
Sweden,2022,  10 219,1,10219,
Sweden,2023,  10 276,1,10276,
Sweden,2024,  10 331,1,10331,
Sweden,2025,  10 385,1,10385,
Sweden,2026,  10 437,1,10437,
Sweden,2027,  10 488,1,10488,
Sweden,2028,  10 538,1,10538,
Sweden,2029,  10 585,1,10585,
Sweden,2030,  10 630,1,10630,
Sweden,2031,  10 673,1,10673,
Sweden,2032,  10 714,1,10714,
Sweden,2033,  10 753,1,10753,
Sweden,2034,  10 791,1,10791,
Sweden,2035,  10 828,1,10828,
Sweden,2036,  10 865,1,10865,
Sweden,2037,  10 901,1,10901,
Sweden,2038,  10 936,1,10936,
Sweden,2039,  10 972,1,10972,
Sweden,2040,  11 008,1,11008,
Sweden,2041,  11 045,1,11045,
Sweden,2042,  11 082,1,11082,
Sweden,2043,  11 120,1,11120,
Sweden,2044,  11 157,1,11157,
Sweden,2045,  11 196,1,11196,
Sweden,2046,  11 234,1,11234,
Sweden,2047,  11 273,1,11273,
Sweden,2048,  11 312,1,11312,
Sweden,2049,  11 351,1,11351,
Sweden,2050,  11 389,1,11389,
Sweden,2051,  11 427,1,11427,
Sweden,2052,  11 465,1,11465,
Sweden,2053,  11 502,1,11502,
Sweden,2054,  11 538,1,11538,
Sweden,2055,  11 573,1,11573,
Sweden,2056,  11 608,1,11608,
Sweden,2057,  11 642,1,11642,
Sweden,2058,  11 675,1,11675,
Sweden,2059,  11 707,1,11707,
Sweden,2060,  11 739,1,11739,
Sweden,2061,  11 771,1,11771,
Sweden,2062,  11 802,1,11802,
Sweden,2063,  11 833,1,11833,
Sweden,2064,  11 865,1,11865,
Sweden,2065,  11 896,1,11896,
Sweden,2066,  11 927,1,11927,
Sweden,2067,  11 959,1,11959,
Sweden,2068,  11 991,1,11991,
Sweden,2069,  12 024,1,12024,
Sweden,2070,  12 056,1,12056,
Sweden,2071,  12 089,1,12089,
Sweden,2072,  12 123,1,12123,
Sweden,2073,  12 156,1,12156,
Sweden,2074,  12 189,1,12189,
Sweden,2075,  12 222,1,12222,
Sweden,2076,  12 254,1,12254,
Sweden,2077,  12 287,1,12287,
Sweden,2078,  12 318,1,12318,
Sweden,2079,  12 350,1,12350,
Sweden,2080,  12 380,1,12380,
Sweden,2081,  12 410,1,12410,
Sweden,2082,  12 440,1,12440,
Sweden,2083,  12 469,1,12469,
Sweden,2084,  12 498,1,12498,
Sweden,2085,  12 527,1,12527,
Sweden,2086,  12 557,1,12557,
Sweden,2087,  12 586,1,12586,
Sweden,2088,  12 616,1,12616,
Sweden,2089,  12 647,1,12647,
Sweden,2090,  12 679,1,12679,
Sweden,2091,  12 711,1,12711,
Sweden,2092,  12 745,1,12745,
Sweden,2093,  12 779,1,12779,
Sweden,2094,  12 813,1,12813,
Sweden,2095,  12 848,1,12848,
Sweden,2096,  12 883,1,12883,
Sweden,2097,  12 918,1,12918,
Sweden,2098,  12 953,1,12953,
Sweden,2099,  12 988,1,12988,
Sweden,2100,  13 023,1,13023,
Switzerland,2021,  8 715,1,8715,
Switzerland,2022,  8 774,1,8774,
Switzerland,2023,  8 830,1,8830,
Switzerland,2024,  8 884,1,8884,
Switzerland,2025,  8 937,1,8937,
Switzerland,2026,  8 989,1,8989,
Switzerland,2027,  9 040,1,9040,
Switzerland,2028,  9 091,1,9091,
Switzerland,2029,  9 139,1,9139,
Switzerland,2030,  9 185,1,9185,
Switzerland,2031,  9 229,1,9229,
Switzerland,2032,  9 271,1,9271,
Switzerland,2033,  9 311,1,9311,
Switzerland,2034,  9 349,1,9349,
Switzerland,2035,  9 386,1,9386,
Switzerland,2036,  9 422,1,9422,
Switzerland,2037,  9 456,1,9456,
Switzerland,2038,  9 489,1,9489,
Switzerland,2039,  9 521,1,9521,
Switzerland,2040,  9 551,1,9551,
Switzerland,2041,  9 581,1,9581,
Switzerland,2042,  9 610,1,9610,
Switzerland,2043,  9 639,1,9639,
Switzerland,2044,  9 666,1,9666,
Switzerland,2045,  9 693,1,9693,
Switzerland,2046,  9 720,1,9720,
Switzerland,2047,  9 745,1,9745,
Switzerland,2048,  9 770,1,9770,
Switzerland,2049,  9 794,1,9794,
Switzerland,2050,  9 818,1,9818,
Switzerland,2051,  9 840,1,9840,
Switzerland,2052,  9 862,1,9862,
Switzerland,2053,  9 882,1,9882,
Switzerland,2054,  9 902,1,9902,
Switzerland,2055,  9 922,1,9922,
Switzerland,2056,  9 940,1,9940,
Switzerland,2057,  9 959,1,9959,
Switzerland,2058,  9 976,1,9976,
Switzerland,2059,  9 994,1,9994,
Switzerland,2060,  10 012,1,10012,
Switzerland,2061,  10 029,1,10029,
Switzerland,2062,  10 047,1,10047,
Switzerland,2063,  10 065,1,10065,
Switzerland,2064,  10 083,1,10083,
Switzerland,2065,  10 102,1,10102,
Switzerland,2066,  10 122,1,10122,
Switzerland,2067,  10 142,1,10142,
Switzerland,2068,  10 163,1,10163,
Switzerland,2069,  10 184,1,10184,
Switzerland,2070,  10 205,1,10205,
Switzerland,2071,  10 227,1,10227,
Switzerland,2072,  10 249,1,10249,
Switzerland,2073,  10 271,1,10271,
Switzerland,2074,  10 293,1,10293,
Switzerland,2075,  10 316,1,10316,
Switzerland,2076,  10 338,1,10338,
Switzerland,2077,  10 360,1,10360,
Switzerland,2078,  10 382,1,10382,
Switzerland,2079,  10 405,1,10405,
Switzerland,2080,  10 428,1,10428,
Switzerland,2081,  10 452,1,10452,
Switzerland,2082,  10 476,1,10476,
Switzerland,2083,  10 500,1,10500,
Switzerland,2084,  10 526,1,10526,
Switzerland,2085,  10 552,1,10552,
Switzerland,2086,  10 580,1,10580,
Switzerland,2087,  10 608,1,10608,
Switzerland,2088,  10 637,1,10637,
Switzerland,2089,  10 668,1,10668,
Switzerland,2090,  10 699,1,10699,
Switzerland,2091,  10 730,1,10730,
Switzerland,2092,  10 763,1,10763,
Switzerland,2093,  10 796,1,10796,
Switzerland,2094,  10 830,1,10830,
Switzerland,2095,  10 864,1,10864,
Switzerland,2096,  10 899,1,10899,
Switzerland,2097,  10 934,1,10934,
Switzerland,2098,  10 970,1,10970,
Switzerland,2099,  11 006,1,11006,
Switzerland,2100,  11 041,1,11041,
United Kingdom,2021,  68 207,1,68207,
United Kingdom,2022,  68 498,1,68498,
United Kingdom,2023,  68 766,1,68766,
United Kingdom,2024,  69 022,1,69022,
United Kingdom,2025,  69 274,1,69274,
United Kingdom,2026,  69 524,1,69524,
United Kingdom,2027,  69 772,1,69772,
United Kingdom,2028,  70 016,1,70016,
United Kingdom,2029,  70 255,1,70255,
United Kingdom,2030,  70 485,1,70485,
United Kingdom,2031,  70 709,1,70709,
United Kingdom,2032,  70 927,1,70927,
United Kingdom,2033,  71 140,1,71140,
United Kingdom,2034,  71 347,1,71347,
United Kingdom,2035,  71 549,1,71549,
United Kingdom,2036,  71 745,1,71745,
United Kingdom,2037,  71 936,1,71936,
United Kingdom,2038,  72 123,1,72123,
United Kingdom,2039,  72 306,1,72306,
United Kingdom,2040,  72 487,1,72487,
United Kingdom,2041,  72 665,1,72665,
United Kingdom,2042,  72 841,1,72841,
United Kingdom,2043,  73 014,1,73014,
United Kingdom,2044,  73 183,1,73183,
United Kingdom,2045,  73 346,1,73346,
United Kingdom,2046,  73 505,1,73505,
United Kingdom,2047,  73 659,1,73659,
United Kingdom,2048,  73 807,1,73807,
United Kingdom,2049,  73 948,1,73948,
United Kingdom,2050,  74 082,1,74082,
United Kingdom,2051,  74 208,1,74208,
United Kingdom,2052,  74 327,1,74327,
United Kingdom,2053,  74 438,1,74438,
United Kingdom,2054,  74 543,1,74543,
United Kingdom,2055,  74 642,1,74642,
United Kingdom,2056,  74 734,1,74734,
United Kingdom,2057,  74 822,1,74822,
United Kingdom,2058,  74 904,1,74904,
United Kingdom,2059,  74 984,1,74984,
United Kingdom,2060,  75 060,1,75060,
United Kingdom,2061,  75 135,1,75135,
United Kingdom,2062,  75 209,1,75209,
United Kingdom,2063,  75 281,1,75281,
United Kingdom,2064,  75 354,1,75354,
United Kingdom,2065,  75 428,1,75428,
United Kingdom,2066,  75 504,1,75504,
United Kingdom,2067,  75 581,1,75581,
United Kingdom,2068,  75 659,1,75659,
United Kingdom,2069,  75 737,1,75737,
United Kingdom,2070,  75 815,1,75815,
United Kingdom,2071,  75 893,1,75893,
United Kingdom,2072,  75 970,1,75970,
United Kingdom,2073,  76 046,1,76046,
United Kingdom,2074,  76 122,1,76122,
United Kingdom,2075,  76 195,1,76195,
United Kingdom,2076,  76 266,1,76266,
United Kingdom,2077,  76 335,1,76335,
United Kingdom,2078,  76 403,1,76403,
United Kingdom,2079,  76 469,1,76469,
United Kingdom,2080,  76 535,1,76535,
United Kingdom,2081,  76 599,1,76599,
United Kingdom,2082,  76 663,1,76663,
United Kingdom,2083,  76 727,1,76727,
United Kingdom,2084,  76 792,1,76792,
United Kingdom,2085,  76 859,1,76859,
United Kingdom,2086,  76 927,1,76927,
United Kingdom,2087,  76 997,1,76997,
United Kingdom,2088,  77 069,1,77069,
United Kingdom,2089,  77 144,1,77144,
United Kingdom,2090,  77 220,1,77220,
United Kingdom,2091,  77 299,1,77299,
United Kingdom,2092,  77 379,1,77379,
United Kingdom,2093,  77 461,1,77461,
United Kingdom,2094,  77 545,1,77545,
United Kingdom,2095,  77 630,1,77630,
United Kingdom,2096,  77 715,1,77715,
United Kingdom,2097,  77 801,1,77801,
United Kingdom,2098,  77 886,1,77886,
United Kingdom,2099,  77 971,1,77971,
United Kingdom,2100,  78 053,1,78053,
